cefr	lemma	example_de
A1	aber	Ich bin oft
A1	abfahren	Wir fahren
A1	abfliegen	Wann fliegst
A1	abgeben	Ich muss
A1	abholen	Wann kann Wir müssen
A1	Achtung	Achtung!
A1	all-	Alles Gute! Das ist alles. Sind alle Alle Freunde Hast du alles?
A1	allein	Er kommt
A1	also	Also, es ist Er hat Zeit,
A1	alt	Wie alt sind Sie sehen Mein Auto Wir wohnen Köln ist eine
A1	an	Fahren Sie Wir treffen Am nächsten
A1	an sein	Heute Nacht || Das Licht
A1	anbieten	Was darf
A1	ander-	WiIlst du – Nein, ich
A1	anfangen	Hier fängt Der Unterricht
A1	anklicken	Da musst
A1	ankommen	Wann kommt
A1	ankreuzen	Auf dem etwas ankreuzen.
A1	anmachen	Mach bitte
A1	anrufen	Kann man Peter ruft
A1	antworten	Er antwortet
A1	arbeiten	Wo arbeiten
A1	arbeitslos	Es gibt bei sind.
A1	auch	Ich bin auch
A1	auf	Die Kinder Auf Wiedersehen. Wie heißt
A1	auf sein	Du brauchst || Das Fenster
A1	aufhören	Der Kurs Hier hört
A1	aufstehen	Ich muss Soll ich aufstehen?
A1	aus	Er kommt
A1	aus sein	Das Licht Die Schule
A1	ausfüllen	Füllen Sie
A1	ausländisch	Leider habe
A1	ausmachen	Mach bitte
A1	aussehen	Das sieht
A1	aussteigen	Wo muss
A1	automatisch	Du musst
A1	baden	Ich bade nicht
A1	bald	Ich komme
A1	bar	Muss ich bar
A1	beantworter	den Anrufbeantworter.
A1	bedeuten	Was bedeutet
A1	beginnen	Das Spiel
A1	bei	Offenbach Ich wohne Bei uns regnet Er arbeitet
A1	beide	Beide Eltern Wir kommen
A1	bekannt	Picasso ist
A1	bekommen	Haben Sie Was bekommen Dieses Medikament
A1	benutzen	Die Aufzüge
A1	besetzt	Die Nummer Der Platz
A1	besichtigen	Ich möchte
A1	besser	Es geht mir
A1	best-	Am besten
A1	bestellen	Wir möchten Dieses Buch bestellen?
A1	besuchen	Darf ich dich
A1	bezahlen	Wo muss
A1	billig	Die Jacke
A1	bis	Ich fahre Ich warte
A1	bisschen	Ich spreche Deutsch.
A1	bitte	Eine Tasse Sprechen || Ich habe
A1	bitten	Darf ich Sie
A1	bitter	Der Kaffee
A1	bleiben	Ich bleibe Wir bleiben
A1	brauchen	Brauchst
A1	breit	Wie breit
A1	bringen	Bringen Sie Wir müssen
A1	buchstabieren	Bitte buchstabieren
A1	böse	Sie ist böse
A1	circa/ca	Von Mainz Kilometer.
A1	da	Da hinten Wir sprechen Ich nehme Ist Herr Klein
A1	daneben	Du kennst
A1	danke	Soll ich Ihnen
A1	danken	Ich danke
A1	dann	Ich muss
A1	das Alter	Alter: 26
A1	das Angebot	Heute sind
A1	das Apartment	Wir haben
A1	das Auge	Er hat blaue
A1	das Ausland	Fahren Sie
A1	das Auto	Er kommt
A1	das Baby	Mein Kind
A1	das Bad	Wir haben
A1	das Bein	Mein rechtes
A1	das Beispiel	Kannst du
A1	das Bett	Wir brauchen
A1	das Bier	Noch ein
A1	das Bild	Hast du ein
A1	das Brot	Haben Sie Nimm noch
A1	das Brötchen	Möchtest
A1	das Buch	Gute Bücher In diesem
A1	das Café	Sollen wir
A1	das Datum	Bitte schreiben
A1	das Doppelzimmer	Wollen Sie
A1	das Dorf	Meine Familie
A1	das Ei	Möchtest
A1	das Einzelzimmer	Haben Sie
A1	das Ende	Sie wohnt Er bekommt
A1	das Ergebnis	Das Ergebnis
A1	das Fahrrad	Fährst du
A1	das Fax	Schicken
A1	das Feuer	Haben Sie
A1	das Fieber	Mein Mann
A1	das Fleisch	Fleisch mag
A1	das Flugzeug	Das Flugzeug
A1	das Formular	Sie müssen
A1	das Foto	Darf ich ein
A1	das Frühstück	Möchtest
A1	das Geburtsjahr	Das Geburtsjahr
A1	das Geld	Hast du noch
A1	das Gemüse	Gemüse brauchen
A1	das Gepäck	Wollen Sie
A1	das Geschenk	Danke für
A1	das Geschäft	Die Geschäfte
A1	das Gespräch	Das Gespräch
A1	das Getränk	Mein Lieblingsgetränk
A1	das Gewicht	Bei „Gewicht“
A1	das Glas	Bitte noch Wir brauchen
A1	das Gleis	Der ICE nach
A1	das Glück	Viel Glück!
A1	das Haar	Sie hat lange
A1	das Handy	In der Schule
A1	das Haus	In welchem Ich gehe Paul ist nicht
A1	das Hobby	Meine Hobbys
A1	das Hotel	Im Urlaub
A1	das Hähnchen	Ein Hähnchen
A1	das Internet	Das findest
A1	das Kind	Wie viele
A1	das Kino	Wir sehen
A1	das Konto	Das Geld
A1	das Land	Italien ist
A1	das Licht	Wo macht
A1	das Lied	Welches ist
A1	das Lokal	In unserer
A1	das Meer	Wir machen
A1	das Mädchen	Familie Kurz
A1	das Obst	Im Sommer
A1	das Papier	Hier sind
A1	das Praktikum	Ich mache
A1	das Problem	Mein Problem
A1	das Reisebüro	Mein Mann
A1	das Restaurant	Wir essen
A1	das Salz	Herr Ober,
A1	das Schild	Haben Sie
A1	das Schwimmbad	Kommst
A1	das Sofa	Das Sofa
A1	das Studium	Das Studium
A1	das Taxi	Es gibt heute
A1	das Telefon	Haben Sie
A1	das Thema	Wir sprechen Trinken“.
A1	das Ticket	Wie viel
A1	das Wasser	Ein Glas Wasser,
A1	das Wetter	Wir hatten
A1	das Wiederhören	Wir müssen Also auf Wiederhören!
A1	das Wiedersehen	Auf Wiedersehen!
A1	das Wort	Ich kenne
A1	das Zimmer	Das Zimmer Öffne im Die Wohnung Ich habe
A1	das Öl	Den Salat
A1	dauern	Wie lange
A1	dein-	Ist das dein Ist das deins?
A1	denn	Ich kann
A1	der	Ich nehme Hier ist der Die Fahrkarte
A1	der Abflug	Der Abflug
A1	der Absender	Da ist ein
A1	der Anfang	Sie wohnt Wir machen
A1	der Anruf	Sie bekommt
A1	der Anruf-	Wir sind
A1	der Anschluss	In Mannheim Ist das die
A1	der Apfel	Ein Pfund
A1	der Appetit	Guten Appetit!
A1	der Arbeitsplatz	An meinem
A1	der Arm	Mein Arm
A1	der Arzt	Morgen habe
A1	der Aufzug	In diesem
A1	der Ausflug	Morgen machen
A1	der Ausgang	Wo ist der
A1	der Ausländer	SInd Sie Ausländerin?
A1	der Ausweis	Hier ist mein
A1	der Automat	Die Fahrkarten
A1	der Bahnhof	Komme ich
A1	der Bahnsteig	Auf welchem
A1	der Balkon	Die Wohnung
A1	der Bauch	Seit gestern
A1	der Baum	Vorsicht, fahr
A1	der Beamte	Fragen Sie
A1	der Beruf	Was sind Was ist Ihr
A1	der Bleistift	Hast du einen
A1	der Blick	Von diesem Rhein.
A1	der Bogen	Schreiben
A1	der Brief	Haben Sie
A1	der Bruder	Sein Bruder
A1	der Buchstabe	Diesen Buchstaben
A1	der Bus	Wann kommt
A1	der Chef	Wir haben
A1	der Computer	Wann bekommst
A1	der Dank	Vielen Dank! Herzlichen
A1	der Doktor	Meine Tochter
A1	der Drucker	Mein Drucker
A1	der Durst	Hast du etwas
A1	der Ehemann	Das ist mein
A1	der Eingang	Der Eingang
A1	der Eintritt	Der Preis
A1	der Empfänger	Auf dem Empfänger.
A1	der Erwachsene	Dieser Film
A1	der Fahrer	Bitte nicht
A1	der Familienname	Meine Familiennamen
A1	der Familienstand	Bei „Familienstand“
A1	der Fehler	Diesen Fehler
A1	der Film	Ich möchte
A1	der Fisch	Ich esse gern
A1	der Flughafen	Kannst du
A1	der Freund	Das ist ein Das ist meine
A1	der Fuß	Der linke
A1	der Fußball	Spielt ihr
A1	der Garten	Wir haben
A1	der Gast	Am Wochenende
A1	der Geburtsort	Bitte schreiben
A1	der Geburtstag	Herzlichen
A1	der Glückwunsch	Herzlichen
A1	der Großvater	Mein Großvater
A1	der Gruß	Viele Grüße Mit freundlichen
A1	der Hausmann	Die Hausfrau/der ein.
A1	der Herd	In der neuen
A1	der Herr	Guten Tag,
A1	der Hund	Der Hund
A1	der Hunger	Ich habe
A1	der Job	Jenny hat
A1	der Jugendliche	Viele Jugendliche
A1	der Junge	Ich habe zwei
A1	der Kaffee	Zum Frühstück
A1	der Kindergarten	Die kleine
A1	der Kiosk	Am Kiosk Zeitungen.
A1	der Koffer	Ist das Ihr
A1	der Kollege	Wie heißt
A1	der Kopf	Mein Kopf
A1	der Kuchen	Ich nehme
A1	der Kugelschreiber	Hast du einen
A1	der Kunde	Einen Moment,
A1	der Kurs	Der Deutschkurs
A1	der Kühlschrank	Haben wir
A1	der Laden	Im Buchladen
A1	der Lehrer	Unsere Deutschlehrerin
A1	der Lkw	Dieser Lastkraftwagen
A1	der Mann	Mein Mann
A1	der Mensch	Die Menschen
A1	der Moment	Moment mal Einen Moment
A1	der Mund	Öffnen Sie
A1	der Name	Mein Name Mein Vorname
A1	der Opa	Mein Opa
A1	der Ort	Der Ort liegt
A1	der Partner	
A1	der Pass	Im Hotel
A1	der Plan	Ich kaufe
A1	der Platz	Tut mir leid, Bitte nehmen Ich wohne
A1	der Preis	Die Preise
A1	der Prospekt	Bitte schicken
A1	der Raum	Der Unterricht
A1	der Regen	Bei diesem
A1	der Reis	Ich esse gern
A1	der Reiseführer	Ich kaufe Unser Reiseführer
A1	der Saft	Möchtest
A1	der Salat	Wie schmeckt
A1	der Schalter	Gehen Sie
A1	der Schinken	Ich möchte
A1	der Schluss	Ich muss Zum Schluss
A1	der Schlüssel	Ich gebe
A1	der Schrank	Die Gläser
A1	der Schuh	Zieh die
A1	der Schüler	In meinem Schüler.
A1	der See	Komm, wir
A1	der Sohn	Das ist Hans,
A1	der Sport	Ich mache
A1	der Stock	Unsere Wohnung
A1	der Student	Ich bin Studentin.
A1	der Tee	Ich trinke
A1	der Teil	Lies bitte
A1	der Termin	Am besten
A1	der Test	Der Test
A1	der Text	Lesen Sie
A1	der Tisch	Die Fotos
A1	der Unterricht	Wir haben
A1	der Urlaub	Ich nehme
A1	der Vater	Mein Vater
A1	der Verein	Es gibt einen
A1	der Verkäufer	Meine Mutter
A1	der Vermieter	Unser Vermieter
A1	der Verwandte	Peter besucht
A1	der Vorname	Ich heiße
A1	der Wein	Nein danke,
A1	der Wind	Der Wind
A1	der Zoll	Wir müssen
A1	der Zug	Ich fahre
A1	der/die Bekannte	Ein Bekannter
A1	dich	Die Blumen
A1	die Abfahrt	Vor der Abfahrt
A1	die Adresse	Können Sie
A1	die Ankunft	Auf diesem Züge.
A1	die Anmeldung	Eine Anmeldung
A1	die Anrede	Schreiben
A1	die Ansage	Hören Sie
A1	die Antwort	Er gibt leider
A1	die Anzeige	Ich habe
A1	die Arbeit	Mein Bruder
A1	die Aufgabe	Das ist eine
A1	die Auskunft	Können Sie
A1	die Aussage	Ist die Aussage
A1	die Autobahn	Wo geht‘s
A1	die Bahn	Wir fahren Ich nehme
A1	die Banane	Drei Bananen,
A1	die Bank	Die Bank Er sitzt im
A1	die Birne	Ein Kilo Birnen,
A1	die Blume	Gefallen
A1	die Briefmarke	Kaufst du
A1	die Butter	Für mich
A1	die Bäckerei	Ich geh mal
A1	die CD	Bring bitte
A1	die Dame	Damen (an Sehr geehrte
A1	die Disco	Heute abend
A1	die Durchsage	Ich habe
A1	die Dusche	Unsere Wohnung
A1	die E-Mail	Ich habe
A1	die Ecke	An der nächsten
A1	die Ehefrau	
A1	die Einladung	Danke für
A1	die Eltern	Meine Eltern
A1	die Entschuldigung	Entschuldigung!
A1	die Fahrkarte	Hast du schon
A1	die Familie	Meine Familie
A1	die Farbe	Die Farbe
A1	die Firma	Er arbeitet
A1	die Flasche	Eine Flasche
A1	die Frage	Ich habe eine
A1	die Frau	Das ist Frau Guten Tag, Hier arbeiten
A1	die Freizeit	In meiner
A1	die Führung	Die Führung
A1	die Geschwister	Ich habe
A1	die Großeltern	Meine Großeltern
A1	die Großmutter	Meine Großmutter
A1	die Gruppe	Die erste
A1	die Größe	Haben Sie
A1	die Halbpension	Möchten
A1	die Halle	Wir treffen
A1	die Haltestelle	An der nächsten
A1	die Hand	Er gibt mir
A1	die Hausaufgabe	Kannst du
A1	die Hausfrau	
A1	die Heimat	Ich komme
A1	die Hilfe	Hilfe! Bitte Brauchen
A1	die Hochzeit	Zur dieser
A1	die Information	Wenn Sie Wir haben
A1	die Jacke	Zieh dir eine
A1	die Karte	Ich schreibe Urlaub. Wollen wir Ich möchte bitte.
A1	die Kartoffel	Für Pommes
A1	die Kasse	Zahlen Sie
A1	die Klasse	In unserer Im Zug fahre
A1	die Kleidung	Wo finde zweiten Stock.
A1	die Küche	Der neue
A1	die Lebens-	
A1	die Leute	In der Disko
A1	die Lösung	Die Lösung
A1	die Maschine	Die Waschmaschine
A1	die Miete	Die Miete
A1	die Milch	Die Milch
A1	die Mitte	Der Lehrer
A1	die Mutter	Frau Berghäuser
A1	die Möbel	Sind die Möbel
A1	die Nummer	Sie haben Welche Hausnummer Können Sie
A1	die Oma	Meine Oma
A1	die Ordnung	Das ist in
A1	die Papiere	Haben Sie
A1	die Partnerin	Sie ist meine
A1	die Party	Heute Abend
A1	die Pause	Von 12.00
A1	die Polizei	Holen Sie
A1	die Pommes frites	Die Kinder
A1	die Post	Wo ist die Ist Post da?
A1	die Postleitzahl	Wie ist Ihre
A1	die Praxis	Die Praxis
A1	die Prüfung	Die Prüfung
A1	die Rechnung	Die Rechnung,
A1	die Reise	Wir machen
A1	die Reparatur	Die Reparatur
A1	die Rezeption	Fragen Sie
A1	die S-Bahn	Ich nehme
A1	die Schule	Meine Tochter Die Schule
A1	die Schwester	Meine Schwester
A1	die Sehenswürdigkeit	-en Welche Sehenswürdigkeiten
A1	die Sonne	Die Sonne
A1	die Speisekarte	Bringen
A1	die Sprache	Welche Sprachen
A1	die Stadt	Heidelberg
A1	die Stelle	Ich habe
A1	die Straße	In welcher
A1	die Straßenbahn	Wo fährt
A1	die Stunde	Ich bin in
A1	die Tasche	Ich habe
A1	die Tochter	Das ist meine
A1	die Toilette	Wo ist die
A1	die Tomate	Die Tomate
A1	die Treppe	Die Toilette?
A1	die Uhr	Es ist vier
A1	die Unterschrift	Hier fehlt
A1	die Vorsicht	Vorsicht!
A1	die Vorwahl	Wie ist die
A1	die Welt	Es gibt viele
A1	die Wohnung	Seit wann
A1	die Zeit	Ich habe
A1	die Zeitung	Ich lese gern
A1	die Zigarette	Wie teuer
A1	dies-	Ich nehme
A1	dir	Gefallen dir
A1	dort	Deine Tasche Dort ist unser
A1	draußen	Wollen wir
A1	drucken	Bitte drucke
A1	drücken	Drück hier,
A1	durch	Am besten
A1	dürfen	Sie dürfen Darf ich Sie Es darf nicht
A1	eilig	Hast du es
A1	ein-	Ich nehme Ist hier einer,
A1	einfach	Die Prüfung Hin und zurück? Ich brauche
A1	einkaufen	Ich muss
A1	einladen	Darf ich Sie
A1	einmal	Diese Prüfung
A1	einsteigen	Schnell, steig
A1	empfehlen	Welchen
A1	enden	Die Straße
A1	entschuldigen	Entschuldigen
A1	er	Er heißt Ali.
A1	erklären	Kannst du
A1	erlauben	Rauchen
A1	erzählen	Wir müssen
A1	es	Es regnet.
A1	essen	Was gibt || Das Essen
A1	euer	Euer Kurs
A1	fahren	Ich fahre
A1	falsch	Das ist falsch.
A1	fehlen	Herr Müller Was fehlt
A1	Feier-	z. B. Feierabend, Am Montag
A1	feiern	Wir feiern
A1	fernsehen	Wollen wir
A1	fertig	Bist du fertig? Ist mein Auto
A1	finden	Wir müssen
A1	fliegen	Ich fliege
A1	fragen	Er möchte
A1	frei	Ist der Platz
A1	fremd	Das weiß
A1	früher	Früher waren
A1	frühstücken	Am Sonntag
A1	für	Das ist für Das ist der Das ist das
A1	geben	Kannst du Es gibt keine
A1	geboren	Ich bin in
A1	gefallen	Das gefällt
A1	gegen	Fahr nicht Ich bin gegen Wer spielt
A1	gehen	Ich weiß nicht, Wie geht‘s? Jetzt muss Ich muss zum Das geht nicht!
A1	gehören	Wem gehört
A1	gerade	Da kommt
A1	geradeaus	Gehen Sie
A1	gern e	Ich gehe
A1	geschlossen	Die Bank
A1	gestern	Gestern war
A1	gestorben	Meine Frau
A1	gewinnen	Wer gewinnt
A1	geöffnet	Der Laden
A1	glauben	Sie können Ich glaube,
A1	gleich	Das ist mir Das ist der Ich komme
A1	glücklich	Meine Kinder
A1	Grad Celsius	Heute haben
A1	gratulieren	Ich gratuliere
A1	grillen	Heute grillen
A1	groß	Mein Bruder Frankfurt
A1	gut	Das finde Ich komme Guten Morgen! Ein gutes Guten Appetit!
A1	gültig	Der Pass
A1	günstig	Dort gibt
A1	haben	Ich habe
A1	hallo	Hallo Inge!
A1	halten	Dieser Zug
A1	heiraten	Meine Schwester
A1	heißen	Ich heiße Wie heißt
A1	helfen	Können Sie
A1	hell	Im Sommer
A1	herzlich	Herzlichen
A1	heute	Heute ist
A1	hier	Hier ist 06131-553221, Hier wohne
A1	hinten	Die Tür zum
A1	hoch	Der Mount
A1	holen	Ich hole zwei
A1	hören	Hör mal! Ich habe
A1	ich	Ich heiße
A1	ihr/ihm/ihn	Gib ihr/ihm Ruf ihn bitte
A1	immer	Frau Bast
A1	in	Ich wohne Der Zug kommt Frau Rausch Komm, wir
A1	international	Unser Deutschkurs aus Italien,
A1	ja	Sind Sie Herr
A1	jed-	Blumen kannst
A1	jetzt	Jetzt machen
A1	jung	Claudia ist
A1	kaputt	Das Glas war
A1	kaufen	Tim kauft
A1	kein	Es gibt keine
A1	kennen	Kennen Sie
A1	kennenlernen	Wir sind neu
A1	klar	Kommst du
A1	klein	Eltville ist
A1	kochen	Herr Georgi
A1	kommen	Woher kommen Kommst du
A1	kosten	Wie viel kostet
A1	krank	Ich kann heute und liege
A1	Kredit -Karte	Kann ich
A1	kriegen	Ich kriege
A1	kulturell	Ich bin kulturell
A1	kurz	Ricardo hat
A1	können	Ich kann Deutsch Können Sie
A1	lachen	Die Kinder
A1	lang	Die Jeans
A1	lange	Wie lange
A1	langsam	Könnten
A1	laufen	Ich möchte
A1	laut	Nicht so laut!
A1	leben	Sie lebt bei Ihre Eltern || Das Leben
A1	ledig	Sind Sie verheiratet?
A1	legen	Legen Sie
A1	leicht	Der Koffer Deutsch ist
A1	leider	Leider kann
A1	leise	Seid leise.
A1	lernen	Wie lange
A1	lesen	Ich lese ein
A1	letzt-	Morgen ist
A1	lieb-	Liebe Susanne,
A1	lieben	Ich liebe
A1	lieber	Sie fährt
A1	Lieblings-	Mein Lieblingsfilm
A1	liegen	Um neun Frankfurt
A1	links	Gehen Sie
A1	lustig	Frau Mertens
A1	machen	Was machst Ich muss
A1	man	Hier darf
A1	mehr	Dieses Auto
A1	mein	Mein Vater
A1	meist-	Die meisten
A1	mieten	Ich möchte
A1	mit	Trinken Sie
A1	mitbringen	Ich gehe
A1	mitkommen	Ich gehe
A1	mitmachen	Warum macht
A1	mitnehmen	Nehmen
A1	mittel	Lebensmittel
A1	morgen	Morgen beginnt
A1	männlich	Kreuzen Sie
A1	möchten	Was möchten
A1	mögen	Magst du
A1	möglich	Mit dieser
A1	müde	Ich bin müde.
A1	müssen	Ich muss
A1	nach	Ich gehe Ich fliege Es ist schon
A1	nehmen	Heute gibt Ich nehme
A1	nein	Fährst du Zeit.
A1	neu	Ich bin der Wir haben
A1	nicht	Das stimmt Das ist doch
A1	nichts	Das macht Hier kaufe
A1	nie	Er kommt
A1	noch	Vielleicht Wir warten Ich habe
A1	normal	75 kg. Sein
A1	nur	Ich möchte
A1	nächst-	Sehen wir
A1	oben	Ich wohne
A1	oder	Wann können
A1	oft	Petra treffe
A1	ohne	Ohne Geld
A1	pünktlich	Der Bus fährt Herr Müller
A1	Rad fahren	Das Kind
A1	rauchen	Ich rauche
A1	rechts	Die Schillerstraße
A1	regnen	Heute regnet
A1	reisen	Ich reise
A1	reparieren	Er hat das
A1	richtig	Habe ich Das ist richtig.
A1	riechen	Dieser Wein
A1	ruhig	Ich möchte
A1	sagen	Sag mal, wie
A1	Satz	Dieser Satz
A1	scheinen	Die Sonne
A1	schicken	Bitte schicken
A1	schlafen	Ich schlafe
A1	schlecht	Mir ist schlecht! Sie sehen Wir haben
A1	schließen	Bitte, schließen
A1	schmecken	Schmeckt
A1	schnell	Er fährt schnell.
A1	schon	Ist das Essen
A1	schreiben	Er schreibt
A1	schwer	Ist Ihr Gepäck Das ist eine
A1	schwimmen	Ich schwimme
A1	schön	Schönen Das ist sehr
A1	sehen	Ich kann Ich habe
A1	sehr	Danke sehr! Das ist sehr
A1	sein	Herr Müller Mir ist kalt. Ich bin dreiundzwanzig.
A1	seit	Ich wohne
A1	selbstständig	Er ist selbstständig.
A1	sich	Sie müssen
A1	sich anmelden	Wo kann
A1	sich anziehen	Ich muss
A1	sich ausziehen	Zieh die
A1	sich duschen	Ich bade
A1	sich freuen	Ich freue
A1	sich kümmern	Jede Mutter
A1	sich treffen	Ich treffe Wir treffen
A1	sich vorstellen	Wir wollen vorstellen?
A1	sich waschen	Wo kann ich Ich muss morgen
A1	sie	Wie heißt || Wie heißen
A1	sitzen	Wo sitzen
A1	so	Sie müssen Fahren Sie Meine Frau So, das war‘s/wär‘s!
A1	sofort	Bitte antworten
A1	sollen	Soll ich kommen? Was soll
A1	spielen	Die Kinder Spielen Sie
A1	sprechen	Kann ich
A1	spät	Es ist schon
A1	später	Das können
A1	stehen	Ich glaube Der Bus
A1	stellen	Stell die
A1	studieren	Ich studiere
A1	suchen	Suchst du
A1	tanzen	Tanzen Sie
A1	telefonieren	Darf ich mal
A1	teuer	Das ist mir
A1	tot	Sein Vater
A1	trinken	Möchtest
A1	tschüss	Junge Leute „auf Wiedersehen“.
A1	tun	Ich habe Was tut Ihr
A1	um	Er kommt Da kommt
A1	umziehen	Nächsten
A1	und	Peter und
A1	unser-	Das ist unsere
A1	unten	Er wohnt
A1	unter	Unter uns
A1	unterschreiben	Wo muss
A1	verboten	Hier ist Rauchen
A1	verdienen	Ich verdiene
A1	verheiratet	Ich bin verheiratet
A1	verkaufen	Er verkauft
A1	vermieten	Die Wohnung
A1	verstehen	Können Sie
A1	viel	Hier regnet
A1	vielleicht	Ich komme
A1	von	Das Auto Er kommt
A1	vor	Der Termin Das Auto
A1	wandern	Wir wandern
A1	wann	Wann bist Wann kann Wann sind
A1	warten	Können Sie Auf wen warten
A1	warum	Warum kommt
A1	was	Was ist das? Was möchten
A1	was für ein	Was für eine
A1	weg sein	Herr Meier
A1	weh tun	Ich muss zum
A1	weiblich	Kreuzen Sie
A1	weit	Zum Bahnhof
A1	weiter	Der Bus fährt
A1	welch-	Welches Buch
A1	wenig	Ich habe Er verdient
A1	wer	Wer ist das?
A1	werden	Mein Sohn
A1	wichtig	Dieses Formular
A1	wie	Wie heißt Er schreibt Meine Frau Wie soll ich Wie groß Wie bitte? Wie lange
A1	wie viel	Wie viel Milch
A1	wiederholen	Können Sie
A1	willkommen	Herzlich willkommen!
A1	wir	Wir lernen
A1	wissen	Weißt du,
A1	wo	Wo waren Wo ist die Wo sind Sie
A1	woher	Woher kommen
A1	wohin	Wohin fährt Wohin wollen
A1	wohnen	Ich wohne
A1	wollen	Wollen Sie
A1	wunderbar	Das Essen
A1	zahlen	Zahlen, bitte!
A1	zu	Der Bus fährt Ich gehe Ich bin zu
A1	zu sein	Die Tür
A1	zufrieden	Ich bin mit
A1	zum Beispiel/z B	Viele meiner Brüder, arbeiten
A1	zurzeit	Zurzeit habe
A1	zurück	Einmal Frankfurt Wann kommst
A1	zusammen	Sollen wir Das macht
A1	zwischen	Heidelberg Zwischen
A1	öffnen	Ich öffne
A1	über	Gehen Sie Er wohnt Sind Sie über
A1	übernachten	Du kannst
A1	überweisen	Sie können
A2	ab	Ab morgen muss ich wieder arbeiten.
A2	ab fahren	Ich fahre mit dem Auto zur Arbeit. Achtung an Gleis 17! Der Zug München - Paris fährt jetzt ab.
A2	ab fliegen	Ich fliege nicht gern; ich fahre lieber mit dem Zug. Ich fliege in den Ferien nach Spanien. Wann fliegst du ab?
A2	abschließen	Hast du die Tür abgeschlossen?
A2	Achtung Sg	Achtung an Gleis drei: Die Türen schließen. Der Zug fährt jetzt ab. Achtung! Pass auf! Der Verkehr ist hier gefährlich.
A2	aktiv	Peter ist sehr aktiv und macht viel Sport.
A2	aktuell	Das ist das aktuelle Kinoprogramm.
A2	als	Hector ist jünger als seine Schwester. Sie arbeitet als Krankenschwester.
A2	an sein / aus sein	Das Licht ist noch an/schon aus.
A2	an- / aus ziehen	Ich ziehe (mir) eine Jacke an. Er hat sein T-Shirt ausgezogen und ein Hemd angezogen. Die Nachbarn sind am Wochenende ausgezogen.
A2	anders	Anders geht das leider nicht. Oliver ist anders als seine Freunde.
A2	anmelden sich	Wo kann ich mich anmelden?
A2	ansehen	Darf ich eure Urlaubsfotos ansehen? Ich sehe (mir) diese Sendung jeden Tag an.
A2	auf jeden/	Ich möchte auf jeden Fall den neuen James-Bond- Film sehen. - Wirklich? Ich finde James-Bond-Filme langweilig. Ich sehe ihn auf keinen Fall an!
A2	aufmachen	Kannst du bitte die Tür aufmachen?
A2	aufpassen	Pass auf, der Teller fällt gleich auf den Boden! Der Babysitter passt heute Abend auf die Kinder auf.
A2	aufregend	Die letzte Woche war sehr aufregend. Der Film ist nicht besonders aufregend.
A2	aufräumen	Die Kinder müssen ihr Zimmer aufräumen.
A2	aus tauschen	wir bitte die Plätze tauschen? wir unsere Adressen austauschen?
A2	ausgeben	Agata gibt viel Geld für Bücher aus. Ich möchte nicht so viel Geld ausgeben.
A2	ausgehen	Gehen wir am Freitag zusammen aus? Plötzlich ist das Licht ausgegangen.
A2	auspacken	Packst du bitte den Koffer aus?
A2	ausruhen sich	Ruh dich erst mal aus! Du bist sicher müde. Er ruht sich nach der Arbeit immer aus.
A2	außer	Außer Lisa möchte niemand den Film sehen. Wir haben täglich außer Samstag geöffnet.
A2	außerdem	Vier Brötchen, möchten Sie außerdem noch etwas?
A2	außerhalb	Die Wohnung ist nicht in der Stadt, sie liegt etwas außerhalb.
A2	aussprechen	Wie spricht man das Wort aus?
A2	austragen	Er trägt jeden Morgen die Zeitung aus.
A2	backen	Wenn du kommst, backe ich einen Kuchen.
A2	basteln	Die Kinder haben etwas gebastelt.
A2	bauen	Unsere Nachbarn bauen ein neues Haus.
A2	beantworten	Können Sie meine Frage bitte beantworten? Hast du die Mail schon beantwortet?
A2	bedanken sich	Ich möchte mich noch einmal sehr herzlich für Ihre Hilfe bedanken.
A2	beeilen sich	Kannst du dich bitte beeilen? Der Bus fährt gleich ab!
A2	beenden	Du musst deine Ausbildung auf jeden Fall beenden.
A2	begründen	Bitte begründen Sie Ihre Meinung.
A2	beliebt	Fußball ist bei vielen Menschen beliebt.
A2	bequem	Das Sofa ist sehr bequem. Meine Kinder ziehen am liebsten bequeme Schuhe an.
A2	beraten	Unsere Sekretärin berät Sie gern, wenn Sie Fragen haben.
A2	berichten	Alle Zeitungen berichten von dem Unfall.
A2	berühmt	Thomas Müller ist ein berühmter Fußballspieler.
A2	beschreiben	Kannst du mir den Weg zum Bahnhof beschreiben?
A2	beschweren sich	Hier ist es zu laut. Wo können wir uns beschweren? Mein Nachbar beschwert sich immer über unsere Kinder, wenn sie im Garten spielen.
A2	besonders	Dieses Angebot ist besonders günstig. Hier ist die Pizza besonders gut. Wie geht's? - Nicht besonders.
A2	bestehen	Ich habe die Prüfung bestanden! Die Prüfung besteht aus vier Teilen: Hören, Lesen, Schreiben und Sprechen.
A2	bestätigen	Ich kann bestätigen, dass er hier war.
A2	bewerben sich	Ich möchte mich um diese Stelle bewerben. Kannst du mir bei meiner Bewerbung helfen?
A2	bewölkt	Heute ist es bewölkt. Es gibt viele Wolken am Himmel.
A2	blond	Lisa hat blonde Haare.
A2	blöd	Ich finde es blöd, dass du morgen gehen musst.
A2	braten	Braten Sie das Fleisch in etwas Öl! Der Fisch brät in der Pfanne.
A2	buchen	Morgen buche ich unsere Urlaubsreise.
A2	bunt	Anna trägt gern bunte Kleider. Meine Wohnung ist sehr bunt: Das Wohnzimmer ist rot, die Küche grün und das Bad blau.
A2	chatten	Luis chattet gern mit seinen Freunden im Internet.
A2	da r Bsp darauf	Darauf fällt mir keine Antwort ein. Darüber spreche ich nicht gern.
A2	dabei sein	Hast du einen Stift dabei? Schön, dass du da bist. Ist deine Familie auch dabei?
A2	dafür/dagegen sein	Ich bin dafür/dagegen.
A2	damals	Als Student hatte ich viel Zeit und wollte reisen. Aber damals hatte ich kein Geld.
A2	das Alter Sg	Alter: 18 Jahre.
A2	das Ausland Sg	Fahren Sie ins Ausland?
A2	das Blatt	Haben Sie ein Blatt Papier für mich? Die Bäume haben schon gelbe Blätter.
A2	das Büro	Ich arbeite in einem Büro. Unser Büro ist bis Dienstag geschlossen.
A2	das Ding	Gib mir bitte mal das Ding da drüben! Was macht man mit diesem Ding? - Damit kann man Flaschen öffnen.
A2	das E-Book	Liest du lieber E-Books oder Bücher aus Papier? Entschuldigung, kann man hier E-Books kaufen?
A2	das Einkaufs-	Kommst du morgen mit ins Einkaufszentrum?
A2	das Eis Sg	Möchtest du auch ein Eis?
A2	das Erdgeschoss	Ich wohne im Erdgeschoss.
A2	das Fach	Welches Fach magst du in der Schule am liebsten?
A2	das Fahr Rad	Wenn es nicht regnet, fahre ich mit dem Fahrrad.
A2	das Fenster	Kannst du bitte das Fenster öffnen?
A2	das Fest	Frohes Fest! Am Wochenende feiern wir ein Fest. Meine Tochter hat Geburtstag.
A2	das Festival	Am Wochenende ist in der Stadt ein Musik-Festival.
A2	das Fieber Sg	Sie hat hohes Fieber.
A2	das Fleisch Sg	Fleisch mag ich nicht.
A2	das Frühstück Sg	Möchtest du ein Ei zum Frühstück?
A2	das Gegenteil	Das Gegenteil von „klein“ ist „groß“.
A2	das Gehalt	Sie ist mit ihrem Gehalt zufrieden.
A2	das Geld Sg	Hast du noch Geld? Kannst du mir ein bisschen Geld leihen?
A2	das Gemüse Sg	Wir kaufen das Gemüse immer auf dem Markt. Tomaten sind mein Lieblingsgemüse.
A2	das Gepäck Sg	Wollen Sie Ihr Gepäck mitnehmen? Sie können Ihr Gepäck auch im Hotel lassen.
A2	das Gericht	Mein Lieblingsgericht ist Pizza.
A2	das Gerät	Elektrogeräte finden Sie im dritten Stock.
A2	das Geschirr Sg	Stellst du bitte das Geschirr in den Schrank?
A2	das Gesicht	Wasch dir bitte das Gesicht. Sie hat ein freundliches Gesicht.
A2	das Gewitter	Ich glaube, es gibt heute ein Gewitter.
A2	das Glück Sg	Viel Glück! Oh, es regnet. Zum Glück habe ich meinen Schirm dabei.
A2	das Handtuch	Gibst du mir bitte ein frisches Handtuch?
A2	das Heft	Hast du dein Heft dabei?
A2	das Hemd	Nick trägt heute ein neues Hemd.
A2	das Instrument	Ich spiele Klavier. Spielen Sie auch ein Instrument?
A2	das Interesse	Ich habe viele Interessen: Sport, Lesen, Kultur, Reisen.
A2	das Internet Sg	Das findest du im Internet. Du kannst im Internet Musik hören oder Spiele spielen.
A2	das Interview	Komm schnell! Im Radio kommt ein Interview mit deinem Lieblingssänger.
A2	das Kaufhaus	Meine Pullover kaufe ich immer im Kaufhaus Hertie.
A2	das Klavier	Jakob kann sehr gut Klavier spielen.
A2	das Kleid	Julia möchte ein rotes Kleid kaufen.
A2	das Konzert	Für das Konzert am Sonntag gibt es noch Karten.
A2	das Kranken-	Meine Tante ist im Krankenhaus. Er hat sich verletzt und muss ins Krankenhaus. || Bei welcher Krankenkasse sind Sie?
A2	das Medikament	Nehmen Sie dieses Medikament dreimal pro Tag!
A2	das Messer	Das Messer schneidet nicht gut. Ich habe nur ein Messer. Kannst du mir bitte noch eine Gabel bringen?
A2	das Mineral-	Ein Glas Mineralwasser, bitte.
A2	das Mittagessen	Um zwölf Uhr gibt es Mittagessen.
A2	das Mobil-	Wie kann ich Sie erreichen? Haben Sie ein Mobiltelefon?
A2	das Museum	Im Kunstmuseum gibt es eine neue Ausstellung.
A2	das Obst Sg	Obst kaufe ich immer auf dem Markt. Heute kaufe ich Äpfel und Orangen.
A2	das Ohr	Ich habe Ohrenschmerzen.
A2	das Paar	Romeo und Julia sind ein Paar. Ich brauche ein Paar Schuhe.
A2	das Paket	Bringst du bitte das Paket zur Post?
A2	das Parfüm	Ich suche ein Parfum als Geschenk für meine Frau.
A2	das Passwort	Bitte schreiben Sie Ihr Passwort. Sie brauchen ein Passwort. Ich habe mein Passwort vergessen.
A2	das Pferd	Amira liebt Pferde. Sie reitet seit zehn Jahren.
A2	das Plakat	Wir machen im Unterricht ein Plakat zum Thema „Essen und Trinken“.
A2	das Poster	Das Poster hängt über dem Bett.
A2	das Produkt	Unsere Produkte haben eine sehr hohe Qualität.
A2	das Programm	Dieses Programm im Radio interessiert mich nicht. Was kommt heute im Kino? Hast du das Programm hier?
A2	das Projekt	Wir machen ein Projekt über Sehenswürdigkeiten in unserer Stadt.
A2	das Quiz Sg	Er schaut gern Quizsendungen an. Sie hat beim Quiz gewonnen.
A2	das Radio	Ich höre im Auto gern Radio.
A2	das Rathaus	Das Formular bekommen Sie im Rathaus. Sie müssen sich im Rathaus anmelden.
A2	das Rezept	Dieser Kuchen schmeckt super! Kannst du mir bitte das Rezept geben? Dieses Medikament gibt es nur auf Rezept.
A2	das Rind	Ich esse nur Fleisch vom Rind.
A2	das Rätsel	Das Rätsel ist schwierig! Ich weiß die Antwort nicht.
A2	das Schiff	Wir fahren mit dem Schiff von Basel nach Köln.
A2	das Schlafzimmer	-Hier ist das Schlafzimmer.
A2	das Schloss	Am Wochenende besichtigen wir Schloss Neuschwanstein. An unserer Tür ist das Schloss kaputt.
A2	das Schwein	Ich esse kein Schweinefleisch.
A2	das Schwimm-	Kommst du mit ins Schwimmbad?
A2	das Spiel	Welche Kartenspiele kennen Sie? Monopoly ist ein sehr bekanntes Spiel.
A2	das Stipen-	Wenn ich ein gutes Zeugnis habe, bekomme ich ein Stipendium.
A2	das Stockwerk	Das Gebäude hat zwanzig Stockwerke.
A2	das Studium Sg Das Studium	dauert drei Jahre.
A2	das Stück	Sie noch ein Stück Kuchen? spielen sie heute das Stück und Julia“.
A2	das T-Shirt	Haben Sie dieses T-Shirt auch in M?
A2	das Tablet	ein Tablet? - Nein, ich habe einen Laptop Handy.
A2	das Taschengeld Wie viel	Taschengeld bekommen deine Kinder?
A2	das Team	gern in einem Team. Fußballteam findest du am besten?
A2	das Tennis Sg	Steffi spielt sehr gut Tennis.
A2	das Theater	Ich gehe nicht gern ins Theater.
A2	das Tier	Wir dürfen keine Tiere in der Wohnung haben. Meine Lieblingstiere sind Katzen.
A2	das Training	Das Training ist immer dienstags. Ich gehe jede Woche zum Training.
A2	das Verkehrs-	Welche Verkehrsmittel benutzen Sie oft?
A2	das Wasser Sg	Ein Glas Wasser, bitte. Gibt es hier kein warmes Wasser?
A2	das Wetter Sg	Heute ist das Wetter gut: Es ist sonnig und warm. Wir hatten im Urlaub schlechtes Wetter.
A2	das Wohnzimmer	- Die Kinder sitzen im Wohnzimmer und sehen fern.
A2	das Zelt	Im Sommer schlafen wir manchmal im Zelt.
A2	das Zentrum	Der Bahnhof ist im Stadtzentrum. Wohnst du im Zentrum? - Nein, ich wohne nicht direkt in der Stadt.
A2	das Zeugnis	Morgen bekommen die Kinder ihr Zeugnis.
A2	das Ziel	John läuft sehr schnell. Er war als erster am Ziel. Was ist dein Ziel im Leben?
A2	dass	Rico hat gesagt, dass er auch zur Party kommt. Ich finde es super, dass du mich besuchst.
A2	de Rentner	Mein Onkel arbeitet nicht mehr. Er ist Rentner.
A2	denken	Ich denke, du hast recht. Ich denke oft an meine Freundin. Was denktst du? Sollen wir heute Abend ins Kino gehen?
A2	der Anzug	Mein Mann muss sich einen neuen Anzug kaufen.
A2	der Apparat	Was machen wir mit deinem alten Apparat?
A2	der Artikel	Im Deutschen gibt es drei Artikel: der, die und das. Ich habe in der Zeitung einen interessanten Artikel gelesen.
A2	der Babysitter	Meine Tochter arbeitet als Babysitter bei einer Familie mit vier Kindern.
A2	der Ball	Meine Kinder spielen gern Ball.
A2	der Basketball	Yannick spielt lieber Basketball als Fußball.
A2	der Berg	Die Zugspitze ist der höchste Berg in Deutschland. Wir fahren am Wochenende in die Berge.
A2	der Bescheid	Kann Lisa in Heidelberg studieren? - Sie weiß es noch nicht. Sie bekommt erst nächste Woche Bescheid. Kannst du mir bis morgen Bescheid geben? Ich frage Herrn Maier und sage Ihnen dann Bescheid.
A2	der Besuch	Wir bekommen am Wochenende Besuch. Ich mache einen Besuch im Krankenhaus.
A2	der Club	Gibt es hier einen Tennis-Club/Klub? Ich möchte gern tanzen gehen. Wo gibt es hier einen Club/Klub mit guter Musik?
A2	der Dank Sg	Vielen Dank! Herzlichen Dank!
A2	der Durst Sing	Hast du etwas zu trinken? Ich habe großen Durst.
A2	der Ehepartner	Das ist mein Ehemann/meine Ehefrau.
A2	der Fahrplan	Ist das der neue Fahrplan?
A2	der Familien-	Mein Familienname ist González.
A2	der Fan	Er ist ein großer Fußballfan. Bella ist ein Fan von Rammstein.
A2	der Fernseher	Der Fernseher ist kaputt.
A2	der Flohmarkt	Ich gehe gern auf den Flohmarkt. Diesen Hut habe ich auf dem Flohmarkt gekauft.
A2	der Flug	Ich möchte einen Flug nach Kanada buchen. Der Flug LH123 von München nach Frankfurt ist um 21:00 Uhr.
A2	der Fluss	Der Rhein ist ein großer Fluss.
A2	der Fotoapparat	möchte mir einen Fotoapparat kaufen.
A2	der Führer-	Hast du den Führerschein? Sie hat die Führerscheinprüfung bestanden.
A2	der Glück-	Herzlichen Glückwunsch zum Geburtstag!
A2	der Hals	Mir tut der Hals weh. Ich habe seit gestern Halsschmerzen.
A2	der Hamburger	Einen Hamburger ohne Salat, bitte.
A2	der Haushalt	Wer macht bei euch den Haushalt? - Meine Frau und ich machen den Haushalt zusammen: Ich wasche die Wäsche und sie putzt und räumt auf.
A2	der Himmel Sg	Heute ist so tolles Wetter: Der Himmel ist blau und es gibt keine Wolken.
A2	der Hunger Sg	Ich habe Hunger! Wann können wir endlich essen?
A2	der Kalender	Haben Sie am Montag Zeit? - Einen Moment, ich schaue in meinem Kalender. Ich schreibe alle Termine in meinen Kalender.
A2	der Keller	Bitte bring die Kartoffeln in den Keller! Die Waschmaschinen sind im Keller.
A2	der Kontakt	Ich habe wenig Kontakt zu meinen Kollegen. Bitte schicken Sie mir Ihre Kontaktdaten!
A2	der Kredit	Ich brauche einen Kredit von der Bank. Bezahlen Sie mit Kreditkarte?
A2	der Krimi	Miriam liest gern spannende Krimis. Schauen wir am Sonntag zusammen den Tatort? – Nein, ich mag keine Krimis.
A2	der Käse Sg	Isst du lieber Käse oder Wurst?
A2	der Körper	Der Arzt sagt, ich muss etwas für meinen Körper tun, z. B. schwimmen oder Fahrrad fahren.
A2	der Kühl-	Haben wir noch Milch? – Ja, im Kühlschrank.
A2	der Link	Ich schicke dir einen Link zu Deutschübungen.
A2	der Löffel	Bitte bringen Sie mir einen Löffel.
A2	der Magen	Mein Magen tut weh.
A2	der Mantel	Es ist kalt. Zieh deinen Mantel an!
A2	der Markt	Ich gehe heute auf den Markt. Samstags ist hier Markt.
A2	der Mitarbeiter	Unsere Firma hat sieben Mitarbeiter.
A2	der Motor	Der Motor ist kaputt. Das Auto fährt nicht mehr.
A2	der Motorroller	Oskar fährt mit dem Motorroller zur Arbeit.
A2	der Müll Sg	Bringst du bitte den Müll raus? Kann ich die Zeitungen wegwerfen? - Ja, sie sind alt. Bring/Wirf sie bitte in den Müll!
A2	der Nachbar	Mein Nachbar kommt aus Brasilien und meine Nachbarin ist Italienerin. Die neuen Nachbarn sind sehr nett.
A2	der Park	Ich gehe gern im Park spazieren.
A2	der Pullover	Ich muss mir einen Pullover kaufen.
A2	der Regen Sg	Bei Regen gehe ich nicht aus dem Haus.
A2	der Reifen	Ich brauche neue Reifen für mein Auto.
A2	der Reis Sg	Ich esse gern Reis mit Gemüse und Fisch.
A2	der Rest	Hier sind 50 Euro. Den Rest gebe ich dir später. Es ist noch ein Rest Suppe da. Möchtest du noch?
A2	der Ring	Ich habe meinen Ring verloren.
A2	der Rock	Der Rock ist zu eng.
A2	der Rucksack	Ich nehme lieber einen Rucksack als einen Koffer mit.
A2	der Rundgang	Der Rundgang durch das Schloss beginnt in wenigen Minuten.
A2	der Rücken	Mein Rücken tut mir weh.
A2	der Schirm	Nimm den Schirm mit, es regnet.
A2	der Schmerz	Haben Sie Schmerzen? Ich habe Bauchschmerzen.
A2	der Schnee Sg	In den Bergen liegt viel Schnee.
A2	der Service Sg	Ich bin mit dem Service in der Werkstatt sehr zufrieden. Rufst du beim Pizza-Service an?
A2	der Ski	Gehen wir am Wochenende Ski fahren? Er kauft sich neue Ski.
A2	der Spaß Sg	Meine Arbeit macht mir Spaß. Ich will nicht aufräumen. Das macht mir keinen Spaß. Viel Spaß!
A2	der Spazier-	Abends mache ich immer einen Spaziergang.
A2	der Sport Sg	Ich mache viel Sport.
A2	der Sportplatz	Das Fußballtraining ist um 17 Uhr auf dem Sportplatz.
A2	der Stadtplan	Haben Sie einen Stadtplan von Salzburg?
A2	der Star	Diese Sängerin ist ein Star in Deutschland.
A2	der Stiefel	Wie viel kosten die roten Stiefel?
A2	der Stift	Kannst du mir bitte einen Stift geben? - Was brauchst du? Einen Farbstift oder einen Bleistift oder einen Kugelschreiber?
A2	der Strand	Im Urlaub bin ich am liebsten am Strand.
A2	der Stress Sg Ich habe	bei der Arbeit viel Stress.
A2	der Stuhl	frei?
A2	der Supermarkt	oft im Supermarkt ein.
A2	der Teller	Stell die Teller bitte auf den Tisch! Möchtest du noch einen Teller Suppe?
A2	der Tipp	Kannst du mir einen guten Tipp geben?
A2	der Titel	Wie heißt der Film? - Ich weiß den Titel nicht mehr.
A2	der Topf	Hast du keinen größeren Topf? Ich möchte Kartoffeln kochen.
A2	der Tourist	Im Sommer kommen viele Touristen in diese Stadt.
A2	der Traum	Ich möchte eine eigene Firma, das ist mein Traum.
A2	der Umzug	Der Umzug ist nächste Woche.
A2	der Unfall	Ich hatte gestern einen Unfall. Wie ist der Unfall passiert?
A2	der Unterricht Sg	Der Unterricht dauert bis 19 Uhr.
A2	der Unterschied	Was ist der Unterschied zwischen den beiden Kursen? - Die Kurse sind gleich. Es gibt keinen Unterschied.
A2	der Verkehr Sg	Morgens gibt es hier immer viel Verkehr.
A2	der Vertrag	Ich muss den Vertrag noch unterschreiben.
A2	der Vogel	Nadine mag Vögel. Morgens singen die Vögel immer laut.
A2	der Volleyball	Ich spiele gern Volleyball.
A2	der Vorschlag	Was machen wir am Wochenende? Hast du einen guten Vorschlag? - Wir können ins Kino gehen. Was schenken wir Christina zur Hochzeit? - Wir haben doch schon so viele Vorschläge gemacht.
A2	der Wagen	Wo steht Ihr Wagen? Im zweiten Wagen ist unser Zugrestaurant.
A2	der Wald	Im Wald ist es ruhig. Ich gehe gern im Wald spazieren.
A2	der Weg	Das ist der kürzeste Weg. Können Sie mir bitte den Weg zum Flughafen beschreiben?
A2	der Wettbewerb	-eMein Sohn hat bei einem Wettbewerb gewonnen.
A2	der Witz	Wir haben Witze erzählt und viel gelacht.
A2	der Workshop	Das war ein toller Workshop. Ich habe viel gelernt. Am Freitag gibt es einen Computer-Workshop in meiner Firma.
A2	der Wunsch	Ich wünsche Ihnen alles Gute! Sie wünschen? –Ich möchte ein halbes Kilo Äpfel, bitte. Haben Sie noch einen Wunsch? Was ist dein größter Wunsch?
A2	der Zahn	Der Zahn tut mir schon seit einer Woche weh.
A2	der Zettel	Hast du einen Zettel für mich? Ich muss etwas notieren. Schreiben Sie Ihre Telefonnummer bitte auf den Zettel.
A2	der Zirkus	Heute gehen wir mit den Kindern in den Zirkus.
A2	der Zoo	Am Sonntag gehen wir in den Zoo.
A2	der Zucker Sg	Trinken Sie den Tee mit oder ohne Zucker?
A2	der/das Blog	Ich schreibe einen Blog über Mode.
A2	der/das Comic	Mein Sohn liest immer nur Comics.
A2	der/das Laptop	Ich brauche einen neuen Laptop.
A2	der/die	Picasso ist sehr bekannt. Er ist ein bekannter Maler. Ein Bekannter von mir heißt Klaus. || Viele Jugendliche hören den ganzen Tag Musik. Der Eintritt für Kinder und Jugendliche bis 16 Jahre ist frei.
A2	deshalb	Ich bin krank. Deshalb komme ich heute nicht ins Büro.
A2	deutlich	Sprechen Sie bitte deutlich! Können Sie das bitte deutlicher schreiben? Ich kann das nicht lesen.
A2	dick	Ich bin zu dick. Ich muss weniger essen.
A2	die Ahnung	Ich hatte keine Ahnung, dass du heute Geburtstag hast. Wie spät ist es? - Ich habe keine Ahnung.
A2	die Ampel	Du kannst fahren, die Ampel ist grün. Nach der Ampel musst du nach links fahren.
A2	die Angst	Hab keine Angst! Ich habe Angst vor großen Hunden.
A2	die Apotheke	Das Medikament bekommen Sie in der Apotheke.
A2	die Ausbildung	Ich möchte eine Ausbildung zum Krankenpfleger machen.
A2	die Ausstellung	Gehen wir morgen zusammen in die Ausstellung?
A2	die Band	Was ist deine Lieblingsband? Anton spielt in einer Band.
A2	die Baustelle	Vor unserem Haus ist eine große Baustelle.
A2	die Bewerbung	Ich möchte mich um diese Stelle bewerben. Kannst du mir bei meiner Bewerbung helfen?
A2	die Bibliothek	Sie lernt jeden Tag in der Bibliothek.
A2	die Bluse	Ich suche eine weiße Bluse.
A2	die Bohne	Hans isst nicht gern Bohnen.
A2	die Brille	Wo ist meine Brille? Mit dieser Brille kann ich nicht mehr gut sehen.
A2	die Brücke	Fahren Sie über die nächste Brücke und dann nach links.
A2	die Butter Sg	Möchtest du Butter aufs Brot oder nur Käse?
A2	die Cafeteria	Ich gehe jetzt in die Cafeteria. Soll ich dir etwas mitbringen?
A2	die Chefin	Wir haben eine neue Chefin.
A2	die Creme	Ich suche eine Creme für die Hände. Der Kuchen schmeckt super! Was ist in der Creme? –Das ist eine Buttercreme mit viel Schokolade.
A2	die Datei	Wo hast du die Datei gespeichert? Kannst du die Datei bitte öffnen?
A2	die Disko	Wir gehen heute Abend in die Disco/Disko.
A2	die E- Mail	Ich schreibe Ihnen/dir eine E-Mail.
A2	die Entschuldi-	Oh, Entschuldigung! – Macht nichts. Kein Problem.
A2	die Erfahrung	Ich habe zehn Jahre Erfahrung in diesem Beruf.
A2	die Erlaubnis Sg	Haben Sie eine Arbeitserlaubnis?
A2	die Ermäßigung	Schüler, Studenten und Rentner gibt es eine Ermäßigung.
A2	die Feier	Wann hast du Feierabend? Am ersten Mai ist ein Feiertag.
A2	die Ferien	Bald haben wir Ferien. Fährst du in den Ferien weg oder bleibst du zu Hause?
A2	die Freizeit Sg	In meiner Freizeit spiele ich oft Fußball.
A2	die Freundin	Das ist ein Freund von mir. Das ist meine Freundin Susanne.
A2	die Fundsachen	Haben Sie meinen Schirm gefunden? - Sie können dort bei den Fundsachen schauen.
A2	die Gabel	Kann ich bitte eine Gabel haben?
A2	die Garage	Hier ist eine Garage für dein Auto.
A2	die Geldbörse	Sie hat ihre Geldbörse verloren.
A2	die Geschichte	Erzählst du mir eine Geschichte? Ich interessiere mich nicht für Geschichte. Paul hat gute Noten in Geschichte.
A2	die Gesundheit	Gesundheit! Sind Sie erkältet?
A2	die Gitarre	Er kann gut Gitarre spielen.
A2	die Grippe Sg	Ich habe eine Grippe und kann leider nicht kommen.
A2	die Hauptstadt	Berlin ist die Hauptstadt von Deutschland.
A2	die Heimat Sg	Ich komme aus der Schweiz. Das ist meine Heimat. Mein Heimatland ist Italien. Dort bin ich geboren. Jetzt lebe ich in Deutschland, das ist meine neue Heimat.
A2	die Heizung	Es ist kalt. Ist die Heizung kaputt?
A2	die Hilfe Sg	Hilfe! Bitte helfen Sie mir! Er bekommt Hilfe von Freunden.
A2	die Homepage	Auf der Homepage von Freiburg gibt es alle wichtigen Informationen über die Stadt. Kennst du eine Homepage mit Deutschübungen?
A2	die Hose	Kann ich die Hose waschen?
A2	die Idee	Was machen wir heute Abend? Hast du eine gute Idee?
A2	Die Infotafel	schreibt das neue Wort an die Tafel. gibt es Tafeln mit Informationen. ist am Eingang.
A2	die Insel	Ich möchte im Sommer auf einer Insel Urlaub machen. Rügen ist die größte deutsche Insel.
A2	die Jeans	Ich mag Jeans lieber als Röcke.
A2	die Jugend-	Wir übernachten in einer Jugendherberge.
A2	die Kamera	Hannes hat eine neue Kamera. Er kann mit der Kamera Fotos und Filme machen.
A2	die Katze	Meine Tochter wünscht sich eine Katze.
A2	die Kenntnisse	Deine Deutschkenntnisse sind sehr gut! Ich möchte meine Computerkenntnisse verbessern.
A2	die Kette	Meine Mutter bekommt eine schöne Kette zum Geburtstag.
A2	die Kirche	Diese Kirche ist fast 800 Jahre alt.
A2	die Kleidung Sg	Wo finde ich Kleidung? – Hosen im ersten, Kleider und Röcke im zweiten Stock.
A2	die Kollegin	Wie heißt die neue Kollegin?
A2	die Kosmetik Sg	Kosmetik können Sie im Erdgeschoss kaufen.
A2	die Krankheit	Welche Krankheit hat Herr Brandner?
A2	die Kreuzung	Fahren Sie an der nächsten Kreuzung rechts.
A2	die Kultur	Ich finde fremde Länder und Kulturen sehr interessant. Jana interessiert sich sehr für Kultur. Sie geht jede Woche ins Theater oder ins Museum.
A2	die Kundin	Einen Moment, bitte. Ich habe eine Kundin.
A2	die Kunst	Ich verstehe nichts von moderner Kunst. Kunst war mein Lieblingsfach in der Schule.
A2	die Lampe	Mach bitte die Lampe an. Es ist so dunkel.
A2	die Landschaft	Die Landschaft ist sehr schön.
A2	die Lust Sg	Gehen wir heute Abend ins Kino? - Nein, ich habe keine Lust. Ich habe Lust auf Schokolade.
A2	die Lüge	Das stimmt nicht! Das ist eine Lüge!
A2	die Mailbox	Hier ist die Mailbox von Susanne König. Ich habe dir auf die Mailbox gesprochen.
A2	die Mannschaft	Lieblingsmannschaft hat 1:0 verloren.
A2	die Meinung	Meine Meinung zu dem Thema ist: ... Was ist deine Meinung dazu? Ich habe meine Meinung geändert.
A2	die Menge	Wir haben noch eine Menge Zeit. Ich kenne eine Menge Leute in dieser Stadt.
A2	die Messe	Kommst du mit zur Buchmesse nach Frankfurt?
A2	die Milch Sg	Die Milch steht im Kühlschrank.
A2	die Mode	Wie findest du die neue Mode?
A2	die Musik Sg	Wie findest du die Musik? Spanische Musik gefällt mir gut.
A2	die Mütze	Haben Sie rote Mützen?
A2	die Nachbarin	Mein Nachbar kommt aus Brasilien und meine Nachbarin ist Italienerin. Die neuen Nachbarn sind sehr nett.
A2	die Nachricht	Ich sehe abends immer die Nachrichten im Fernsehen. Kommst du mit ins Kino? - Ich weiß es noch nicht. Ich schreibe dir später eine Nachricht. Sie haben keine neuen Nachrichten.
A2	die Natur Sg	Ich bin gern draußen in der Natur.
A2	die Note	Eva hat immer sehr gute Noten in Deutsch.
A2	die Notiz	Schreib mir bitte eine Notiz. Haben Sie einen Notizzettel für mich?
A2	die Nudel	Möchten Sie lieber Reis oder Nudeln? –Lieber Nudeln, bitte.
A2	die Nähe Sg	Die Post ist in der Nähe vom Bahnhof.
A2	die Orange	Ich esse gern Orangen.
A2	die Person	Eintritt pro Person: 5 Euro.
A2	die Pflanze	Können Sie sich bitte um unsere Pflanzen kümmern? Wir sind nächste Woche im Urlaub.
A2	die Pizza	Mein Lieblingsessen ist Pizza. Eine Pizza mit viel Käse, bitte.
A2	die Polizei Sg	Rufen Sie die Polizei!
A2	die Portion	Ich nehme eine kleine Portion Eis.
A2	die Post Sg	Entschuldigung, wo ist die Post? Ist Post für mich da?
A2	die Postkarte	Schreibst du mir eine Postkarte aus Kanada?
A2	die Postleit-	Wie ist Ihre Postleitzahl?
A2	die Qualität	Dieser Fernseher hat eine gute Qualität. Ich finde die Qualität wichtiger als den Preis.
A2	die Reihe	Ich habe Karten für das Konzert. Wir sitzen in der dritten Reihe. Wer ist jetzt an der Reihe?
A2	die Reinigung	Bringst du bitte die Bluse in die Reinigung? Man darf sie nicht in der Waschmaschine waschen.
A2	die Rentnerin	Mein Onkel arbeitet nicht mehr. Er ist Rentner.
A2	die Rose	Er schenkt seiner Freundin rote Rosen zum Geburtstag.
A2	die Ruhe Sg	Ruhe, bitte! Hier in der Bibliothek darf man nicht laut sprechen. Meine Großmutter ist krank. Sie braucht viel Ruhe.
A2	die Sache	Ihr könnt eure Sachen im Hotel lassen. Nimm deine Sachen und komm! Das ist meine Sache.
A2	die Schere	Die Schere schneidet nicht gut. Hast du eine andere?
A2	die Schokolade	Julia liebt Schokolade.
A2	die Schülerin	In meinem Kurs sind acht Schülerinnen und fünf Schüler.
A2	die See Sg	Die See ist heute ruhig. Wir machen Urlaub an der Nordsee.
A2	die Sehens-	Welche Sehenswürdigkeiten gibt es in Frankfurt?
A2	die Seife	Hier gibt es keine Seife.
A2	die Seite	Öffnen Sie das Kursbuch auf Seite 20. Das ist die Bachstraße. Mein Haus ist auf der linken Seite.
A2	die Sendung	Welche Sendungen schaust du gern an? –Ich mag Sportsendungen. Diese Sendung ist nicht für Jugendliche unter 18 Jahren.
A2	die Situation	Ich bin in einer schwierigen Situation. Ich weiß nicht, was ich tun soll. Lesen Sie die Anzeigen und die Aufgaben 11-15. Welche Anzeige passt zu welcher Situation?
A2	die Sprech-	Frau Doktor Weiß hat von 9:00 bis 12:30 Uhr Sprechstunde.
A2	die Straßen-	Fahren wir mit der Straßenbahn oder mit der U-Bahn?
A2	die Studentin	
A2	die Suppe	dir die Suppe?
A2	die Süßigkeiten Welche Süßigkeiten	isst du am liebsten? und Eis.
A2	die Tablette	am Abend zwei Tabletten nehmen.
A2	die Tafel	schreibt das neue Wort an die Tafel. gibt es Tafeln mit Informationen. ist am Eingang.
A2	die Tasse	Sie eine Tasse Kaffee?
A2	die Torte	Zum Geburtstag backe ich dir eine Torte.
A2	die Tour	Wo kann ich eine Stadttour buchen? Wir gehen am Wochenende wandern. Ich kenne eine schöne Tour in den Bergen.
A2	die Touristin	Im Sommer kommen viele Touristen in diese Stadt.
A2	die Tür	Mach bitte die Tür zu!
A2	die Universität	Er studiert an der Universität Freiburg.
A2	die Unterkunft	Ich suche noch eine Unterkunft in Basel. Kennst du ein günstiges Hotel?
A2	die Veranstal-	Am Samstag ist unser Restaurant geschlossen. Wir haben eine Veranstaltung.
A2	die Vermieterin	Unser Vermieter ist nett.
A2	die Verspätung	Unser Zug hat leider 15 Minuten Verspätung.
A2	die Webseite	Es gibt viele Webseiten mit Grammatikübungen.
A2	die Werkstatt	Mein Auto ist kaputt. Es ist in der Werkstatt.
A2	die Wolke	Heute ist es bewölkt. Es gibt viele Wolken am Himmel. || Heute gibt es viele Wolken.
A2	die Wurst	Eine Wurst mit Pommes, bitte.
A2	die Wäsche	Ich muss noch Wäsche waschen.
A2	die Zahl	Können Sie die Zahl bitte wiederholen?
A2	die Zeitschrift	Diese Zeitschrift kauft Andrea jede Woche.
A2	die Zitrone	Ich trinke den Tee mit Zitrone. Lucia mag Zitroneneis.
A2	die Über-	Ich brauche eine Übersetzung von meinem Zeugnis.
A2	direkt	Wir wohnen direkt über dem Café. Gibt es keinen direkten Zug nach Hamburg? - Nein, Sie müssen immer umsteigen. Ich möchte nicht direkt nach der Schule studieren. Ich möchte erst reisen. Wir liefern Ihnen das Sofa direkt ins Haus.
A2	diskutieren	Ich möchte das mit meinen Kollegen diskutieren.
A2	doch	Hast du keinen Hunger? - Doch, ich bin sehr hungrig. Kannst du morgen nicht kommen? - Doch. Geh doch mal wieder ins Kino! Das macht doch nichts!
A2	dringend	Bitte kommen Sie schnell. Es ist dringend.
A2	drinnen	Wollen Sie drinnen oder draußen sitzen? Hier drinnen ist es sehr warm.
A2	drüben	Da drüben ist die Haltestelle.
A2	dumm	Ich finde den Film dumm. Entschuldigung, das war dumm von mir. Das ist mir zu dumm.
A2	dunkel	Um sechs Uhr ist es schon dunkel. Meine Schwester hat dunkle Haare. Ich will eine dunkelblaue Bluse kaufen.
A2	duschen sich	Ich bade nicht so gern, ich dusche lieber. Möchten Sie sich duschen? Das Badezimmer ist dort hinten links.
A2	dünn	Das Buch ist sehr dünn. Es hat nur 40 Seiten. Mein Bruder ist 1,80 Meter groß und 62 Kilo schwer, er ist zu dünn.
A2	echt	Ist das Bild ein echter Picasso? Der Film ist echt gut.
A2	egal	Das ist mir egal. Willst du Tee oder Kaffee trinken? –Egal.
A2	eigen-	Nicht alle Kinder haben ein eigenes Zimmer. Wir wollten eigentlich Freunde besuchen, aber dann sind wir doch zu Hause geblieben. Kennst du eigentlich Susanne?
A2	ein paar	Wir fahren ein paar Tage ans Meer. Hast du ein paar Minuten Zeit?
A2	einig-	In diesem Text sind einige Fehler. Das dauert noch einige Zeit, bis das Essen fertig ist.
A2	einpacken	Pack bitte die Handtücher ein! Soll ich Ihnen das als Geschenk einpacken?
A2	eintragen sich	Tragen Sie sich bitte in diese Liste ein! Sie müssen Ihren Namen und Ihre Adresse eintragen.
A2	einverstanden	Als Termin schlage ich den 11. Juni vor. - Gut, (ich bin) einverstanden. Bist du einverstanden, wenn wir bald nach Hause gehen?
A2	einzel-	Nicht alle zusammen. Könnt ihr bitte einzeln sprechen? Florian ist ein Einzelkind. Er hat keine Geschwister. Ein Einzelzimmer ist noch frei.
A2	einziehen	Im Juni ziehen unsere neuen Nachbarn ein. Wann können wir in die Wohnung einziehen?
A2	endlich	Wann kommst du endlich? Der Film fängt gleich an. Endlich bist du da!
A2	eng	Diese Hose ist zu eng. Gibt es sie auch eine Nummer größer?
A2	erinnern sich	Erinnerst du dich an José? - Nein, ich erinnere mich nicht an ihn, tut mir leid. Kannst du mich morgen bitte an meinen Arzttermin erinnern?
A2	erkältet sein	Lisa ist erkältet. Sie kann heute nicht zur Schule gehen.
A2	erreichen	Wenn wir uns beeilen, erreichen wir noch den Zug um acht Uhr. Bis 18 Uhr können Sie mich im Büro erreichen.
A2	erst	Wir können erst morgen kommen. Dina ist keine 18, sie ist erst 16 Jahre alt.
A2	etwas	Ich muss dir etwas erzählen! Haben Sie etwas zum Schreiben? Ich habe leider nur Tee. Etwas anderes kann ich dir leider nicht anbieten.
A2	fallen	Pass auf, das Glas fällt gleich vom Tisch.
A2	fantastisch	Dein neues Kleid sieht fantastisch aus! Das Buch ist fantastisch. Du musst es unbedingt lesen!
A2	fast	Der Film ist fast zu Ende. Ich habe fast alles verstanden.
A2	faul	Heute sind wir faul: Wir machen keine Hausauf- gaben und arbeiten nicht.
A2	fertig sein	Das Essen ist gleich fertig. Kommst du? Wir müssen gleich gehen. Bist du fertig?
A2	fett	Die Wurst ist mir zu fett.
A2	fit sein	Tom will fit sein. Er geht jeden Tag ins Fitness- studio.
A2	fleißig	Ibrahim ist sehr fleißig. Er macht immer seine Hausaufgaben.
A2	fotografieren	Ich fotografiere gern.
A2	freiwillig	Manchmal bleibe ich freiwillig länger im Büro.
A2	freuen sich	Zum Geburtstag habe ich ein interessantes Buch bekommen. Ich freue mich sehr über das Geschenk.
A2	freundlich	Er ist immer sehr freundlich zu mir. Mit freundlichen Grüßen
A2	freut	Die Kinder freuen sich schon auf die Ferien. Ich freue mich, weil ich heute mit meinen Freunden Fußball spiele. Es/Das freut mich!
A2	frisch	Das Brot ist noch ganz frisch. Ich habe es gerade gekauft.
A2	froh	Ich bin froh, dass du kommen kannst. Frohes Fest!
A2	früh	Geht es auch später? Sechs Uhr ist mir zu früh. Ich muss morgen sehr früh aufstehen.
A2	furchtbar	Er hat furchtbare Schmerzen. Die Hose sieht ja furchtbar aus. So kannst du nicht zur Arbeit gehen!
A2	fühlen sich	Wie fühlen Sie sich? Ich fühle mich heute nicht gut.
A2	ganz	Oh nein! Was ist passiert? Ist deine Brille jetzt kaputt? - Nein, zum Glück ist sie noch ganz! Morgen haben wir den ganzen Tag Schule. Ich bin ganz sicher, dass dein Termin am Montag ist. Ich finde Lara ganz nett. Oh, ich habe meinen Zahnarzttermin ganz vergessen.
A2	Geburts-	Das Geburtsjahr Ihres Sohnes, bitte? Bitte tragen Sie Ihren Geburtsort noch ein. Herzlichen Glückwunsch zum Geburtstag!
A2	geehrt-	Sehr geehrte Damen und Herren,
A2	gefährlich	Du darfst nicht bei Rot über die Straße gehen. Das ist gefährlich.
A2	gegenüber	Die Post ist gegenüber vom Bahnhof. Die Hausnummer 84 ist gleich gegenüber.
A2	genau	Sind Sie sicher, dass die Prüfung am 15. Juni ist? - Ja, das weiß ich genau. Die Uhr geht genau. Es ist genau acht Uhr.
A2	genug	Es ist noch genug Pizza da. Möchtest du noch ein Stück? Ich verdiene nicht genug.
A2	gern	Ich helfe Ihnen gern. Kaffee oder Tee? - Ich trinke lieber einen Tee. Am liebsten trinke ich Kaffee.
A2	gesund	Ich hatte Grippe. Jetzt bin ich wieder gesund.
A2	gültig sein	Der Pass ist nicht mehr gültig.
A2	hart	Ich finde das Bett zu hart. Die Brötchen sind ja ganz hart.
A2	heiß	Vorsicht, der Tee ist heiß! Mir ist heiß. Kannst du das Fenster öffnen?
A2	her/her-/-her	Komm bitte mal her! Herein! Die Tür ist offen. Woher kommen Sie?
A2	heraus/raus	Möchtet ihr nicht rauskommen? Das Wetter ist so schön. Kannst du bitte den Müll rausbringen?
A2	herein/rein	Herein! Die Tür ist offen. Möchtest du nicht reinkommen? Ich kann uns einen Tee machen.
A2	herstellen	In unserer Firma stellen wir Möbel her.
A2	herunterladen	Er lädt die Musik aus dem Internet herunter.
A2	hin/hin-/-hin	Wo gehst du hin?/Wohin gehst du? Wohin ist Paul gegangen? –Ich glaube dorthin. Er geht in den Garten hinaus. Wir gehen ins Haus hinein.
A2	hinter	Hinter dem Haus haben wir einen Garten.
A2	hoffen	Ich hoffe, dass es dir gut geht.
A2	hoffentlich	Hoffentlich hat unser Zug keine Verspätung.
A2	husten	Sie hustet seit zwei Tagen. Sie ist krank.
A2	hängen	Im Museum hängen moderne Bilder. Warum hast du das Bild noch nicht an die Wand gehängt? Das Bild von meiner Tochter hat im Wohnzimmer gehangen.
A2	hässlich	Ich finde das Kleid hässlich. Es gefällt mir nicht.
A2	informieren	Ich möchte mich vor der Reise über das Land informieren. Hast du dich über die Prüfung informiert?
A2	intelligent	Einstein war sehr intelligent.
A2	interessieren sich	Ich interessiere mich für Fußball. Den Artikel über Brasilien finde ich sehr interessant. Ich lese gerade ein interessantes Buch.
A2	jeder	Das Restaurant hat jeden Tag geöffnet. Jedes Kind bekommt einen Ball.
A2	jemand	Hat jemand meinen Stift? Hallo, ist jemand da?
A2	joggen	Ich jogge gern im Park.
A2	kalt	Heute ist es sehr kalt. Der Kaffee ist kalt. Ich möchte ihn nicht mehr trinken. Mir ist kalt.
A2	klappen	Können wir uns heute Mittag treffen? –Ja, das klappt. Wie war die Reise? - Gut, es hat alles super geklappt.
A2	klug	Molly ist ein kluges Mädchen. Lisa ist sehr klug. Sie bekommt immer gute Noten. Das ist klug von dir.
A2	komisch	Der Film war sehr komisch. Wir haben viel gelacht. Eine grüne Hose und gelbe Schuhe? Das sieht komisch aus. Das Essen schmeckt komisch. Probier mal!
A2	kontrollieren	Können Sie bei meinem Auto bitte das Öl kontrollieren? Bitte öffnen Sie Ihren Koffer, wir müssen Ihr Gepäck kontrollieren.
A2	kostenlos	Diese Zeitschrift kostet nichts. Sie ist kostenlos.
A2	kühl	Es ist kühl draußen. Zieh dir eine Jacke an.
A2	kümmern sich	Sonja kann nicht arbeiten. Sie muss sich um ihre Tochter kümmern. Ich habe jetzt keine Zeit. Ich muss mich um das Essen kümmern.
A2	kündigen	Meine Arbeit gefällt mir nicht mehr. Ich habe heute gekündigt.
A2	langweilig	Mir ist langweilig. Sie findet Fußball sehr langweilig.
A2	lassen	Lass mich in Ruhe! Kann ich mein Auto hier stehen lassen? Ich kann meine kleine Tochter noch nicht allein lassen.
A2	leer	Die Kanne ist fast leer. Ich mache neuen Tee.
A2	leidtun/leid tun	Es tut mir leid, dass ich nicht kommen kann.
A2	leihen	Kannst du mir fünf Euro leihen?
A2	liefern	Wir liefern Ihnen den Schrank nach Hause.
A2	lügen	Du sollst nicht lügen. Glaub ihm nicht, er lügt.
A2	mal / das Mal	Sag mal, wie gefällt dir mein neues Kleid? Das erste Mal war ich vor fünf Jahren in England. Tschüss, bis zum nächsten Mal!
A2	malen	Mein Sohn kann gut malen.
A2	manch-	Manche Nachbarn sind unfreundlich.
A2	manchmal	Manchmal essen wir im Restaurant. Rauchen Sie? - Manchmal.
A2	meinen	Wie meinst du das? Erklär mir das bitte genauer! Der Film ist gut. Was meinst du?
A2	meistens	Meistens trinke ich zum Frühstück nur einen Kaffee.
A2	meldet an	Eine Anmeldung für diesen Kurs ist nicht mehr möglich.
A2	merken	Ich kann mir keine Zahlen merken. Ich vergesse sie sofort. Merkst du, dass es wärmer wird?
A2	mindestens	Bitte kommen Sie mindestens zwei Stunden vor Ihrem Flug zum Flughafen. Schreiben Sie mindestens sieben Sätze! Ich warte schon mindestens 20 Minuten. Wann kommst du denn endlich?
A2	mit mitbringen/	Trinken Sie den Kaffee mit oder ohne Zucker? wir mit dem Auto oder mit dem Zug nach Hamburg? Ich komme mit meinem Freund. Ich gehe einkaufen. Soll ich dir was mitbringen? Ich gehe ins Kino. Kommst du mit? Wir organisieren ein Fest. Möchtest du auch mitmachen? Wir fahren am Wochenende in die Berge. Ich muss mein Zelt mitnehmen. Warum spielt ihr nicht mit?
A2	modern	Das Stadtzentrum von Frankfurt ist sehr modern.
A2	nass	Geh nicht mit den nassen Schuhen ins Wohnzimmer! Du bist ja ganz nass. Hast du den Regenschirm vergessen?
A2	natürlich	Natürlich helfen wir dir. Kommst du zu meiner Party? –Natürlich.
A2	neben	Neben mir ist noch ein Platz frei. Die Apotheke ist neben der Post.
A2	nebenan	Das ist José. Er wohnt nebenan.
A2	neblig	Fahr vorsichtig! Es ist neblig.
A2	nennen	Mein Freund heißt Alexander, aber alle nennen ihn Alex.
A2	nervös	Bei Prüfungen bin ich immer sehr nervös.
A2	nett	Ich habe viele nette Kollegen. Vielen Dank! Das ist sehr nett von dir.
A2	niemand	Hier ist niemand. Hier ist der Anrufbeantworter von Familie Klein. Leider ist im Moment niemand zu Hause.
A2	nirgends	Hier kann man nirgends parken. Wo ist Stefan? Ich kann ihn nirgends sehen.
A2	notieren	Notieren Sie bitte alle wichtigen Informationen.
A2	notwendig	Muss ich noch einmal kommen? –Nein, das ist nicht notwendig.
A2	nächste	Sehen wir uns nächste Woche? Ihr nächster Termin ist in einem Monat. Bis nächstes Mal!
A2	nützlich	Danke für den Tipp. Er war sehr nützlich.
A2	offen	Ist das Fenster im Bad noch offen? Ich glaube, der Supermarkt ist jetzt noch offen.
A2	online	Wann bist du wieder online? Ich habe hier kein Internet. Ich bin erst heute Abend wieder online. Sie können das Geld auch online überweisen.
A2	organisieren	Frau Gomez organisiert unseren Ausflug. Hast du schon alles für deinen Urlaub organisiert?
A2	packen	Ich muss noch meinen Koffer packen.
A2	parken	Darf ich hier parken? Hier ist Parken verboten.
A2	passen	Die Bluse passt mir nicht. Welches Wort passt? Wählen Sie.
A2	passieren	Wie ist der Unfall passiert? Was ist passiert?
A2	planen	Wir sollen zusammen eine Klassenparty planen. Morgen schwimmen ... ist ein guter Plan.
A2	plötzlich	Plötzlich war das Licht aus.
A2	praktisch	Mit meinem neuen Handy kann ich auch im Internet surfen und Fotos machen. Das finde ich sehr praktisch.
A2	preiswert	Die Jacke ist sehr preiswert. Sie kostet nur 15 Euro.
A2	privat	Das ist meine Nummer im Büro und das ist meine private Handynummer. Dieser Strand ist privat. Wir dürfen hier nicht schwimmen gehen. Hey, du darfst die Mail nicht lesen! Sie ist privat.
A2	pro	Das Zimmer kostet 100 Euro pro Nacht.
A2	probieren	Möchten Sie den Käse probieren? Die Tür geht schwer auf. Probier mal!
A2	prüfen	Bitte prüfen Sie die Rechnung sofort.
A2	putzen	Ich muss heute noch das Bad putzen.
A2	raten	Ich weiß nicht, welches Handy ich kaufen soll. Was raten Sie mir? Rate mal, wen ich heute gesehen habe! Deinen Lehrer.
A2	rechnen	Sarah kann gut rechnen.
A2	recht haben	Du hast (nicht) recht.
A2	reden	Mit meiner Freundin kann ich über alles reden. Rede nicht so viel!
A2	reich	Lotte ist reich. Sie hat sehr viel Geld.
A2	reiten	Möchtest du reiten lernen?
A2	renovieren	Wir renovieren das ganze Haus.
A2	reservieren	Reservieren Sie bitte ein Doppelzimmer. Ich möchte gern einen Tisch für fünf Personen reservieren.
A2	romantisch	Dieser Film ist sehr romantisch. Meine Freundin ist total romantisch.
A2	rufen	Rufst du bitte die Kinder. Das Essen ist fertig. Wir müssen einen Arzt rufen.
A2	rund	Unser Wohnzimmertisch ist rund. Bis Berlin sind es noch rund 80 Kilometer.
A2	sammeln	Peter sammelt Briefmarken. Im Herbst sammeln wir im Wald bunte Blätter.
A2	sauber	Bringen Sie mir bitte ein sauberes Glas!
A2	sauer	Zitronen sind mir zu sauer. Was ist los? –Ich bin sauer. Ich muss am Wochen- ende zu Hause bleiben und darf nicht mit meinen Freunden ins Kino gehen.
A2	schade	Schade, dass du nicht kommen kannst.
A2	schaffen	Kannst du mir bitte helfen? Ich schaffe das nicht alleine. Geschafft! Das Projekt ist endlich fertig.
A2	scharf	Die Suppe ist mir zu scharf. Pass auf! Das Messer ist sehr scharf.
A2	schenken	Was schenken wir Michael zum Geburtstag?
A2	schimpfen	Warum schimpfst du denn so laut? –Ich ärgere mich über mein Auto. Alle schimpfen über/auf das Wetter.
A2	schließt ab	Ich schließe dieses Jahr mein Studium/ meine Ausbildung ab.
A2	schlimm	Kein Problem, das ist nicht so schlimm.
A2	schmutzig	Das Handtuch ist schmutzig.
A2	schneiden sich	Das Messer schneidet nicht gut. Wer schneidet dir die Haare? Aua! Ich habe mich geschnitten!
A2	schneien	Morgen schneit es.
A2	schrecklich	Ich finde ihren Rock schrecklich. Er sieht furchtbar aus! Ich finde den Film schrecklick. Er macht mir Angst.
A2	schriftlich	Sie müssen sich schriftlich anmelden. Die schriftliche Prüfung dauert 70 Minuten.
A2	schwach	Er ist krank und schwach. Ich fühle mich sehr schwach. Die Tabletten sind zu schwach. Sie helfen nicht.
A2	schwanger	Lena ist schwanger. Sie bekommt im Juli ein Kind.
A2	schwierig	Die Prüfung war nicht schwierig.
A2	schädlich	Rauchen ist schädlich für die Gesundheit.
A2	selbst	Du musst mir nicht helfen, ich mache das selbst.
A2	setzen sich	Setz dich doch!
A2	sich umziehen	Warte bitte, ich muss mich noch umziehen.
A2	sicher	Dieses Auto ist besonders sicher. Ich bin ganz sicher, dass er kommt. Er ist sicher gleich da.
A2	singen	Er singt gern.
A2	sogar	Heute ist es sehr kalt. In den Bergen schneit es sogar. Zu meiner Hochzeit kommen viele Gäste. Sogar meine Tante aus Kanada kommt.
A2	sonnig	Morgen ist das Wetter wieder warm und sonnig.
A2	sonst	Haben Sie sonst noch einen Wunsch? –Nein danke, das ist alles. Beeil dich, sonst kommen wir zu spät!
A2	spannend	Ich finde den Film sehr spannend.
A2	sparen	Ein neues Auto ist sehr teuer. Ich muss sparen.
A2	spazieren gehen	Wir gehen sonntags immer spazieren.
A2	speichern	Sie müssen die Datei speichern.
A2	sportlich	Tom ist sehr sportlich.
A2	stark	Ich habe starke Kopfschmerzen. Es regnet stark. Der Kaffee ist sehr stark.
A2	stattfinden	Das Spiel findet auch bei Regen statt.
A2	sterben	Herr Müller kommt heute nicht. Sein Vater ist gestern gestorben.
A2	streiten sich	Die Kinder streiten (sich) oft.
A2	streng Der Lehrer	von meiner Tochter ist sehr streng.
A2	stressig Meine Arbeit	ist stressig.
A2	stören	Störe ich? Darf ich Sie kurz stören? Mach die Musik leiser! Sie stört mich.
A2	super Der Film	ist super. super tanzen.
A2	surfen	gern surfen lernen. oft im Internet?
A2	sympathisch Der neue	Chef ist sehr sympathisch.
A2	süß Ich finde	die Torte zu süß. Tochter? Die ist ja süß!
A2	teilen	die Pizza teilen?
A2	teilnehmen	Ich möchte an dem Tanzkurs teilnehmen.
A2	tief	Vorsicht, das Wasser ist tief!
A2	toll	Der Urlaub war toll.
A2	total	Der Film ist total langweilig.
A2	tragen	Ich kann den Koffer nicht tragen, er ist zu schwer. Er trägt heute einen blauen Anzug.
A2	trainieren	Wir trainieren einmal pro Woche im Sportverein.
A2	traurig	Ich bin sehr traurig. Meine Katze ist weggelaufen.
A2	treffen sich	Ich treffe in der Stadt einen Kollegen.
A2	trifft	Wir treffen uns immer freitags.
A2	trocken	Die Wäsche ist bald trocken.
A2	träumen	Ich habe schlecht geträumt. Ich träume von einem großen Haus mit Garten.
A2	tschüs	Tschüs, bis morgen!
A2	typisch	Diese Musik ist typisch für dieses Land. Typisch Anna, sie kommt natürlich wieder zu spät.
A2	umsteigen	Sie müssen in Mannheim umsteigen.
A2	unbedingt	Ich muss unbedingt mit dir sprechen.
A2	unterhalten sich	Andreas und Nessrin unterhalten sich. Wir haben uns über das Fußballspiel unterhalten.
A2	unternehmen	Wollen wir heute Abend etwas unternehmen?
A2	untersuchen	Der Arzt hat mich untersucht. Der Arzt muss dein Bein untersuchen.
A2	unterwegs sein	Warte bitte auf mich. Ich bin unterwegs und komme gleich.
A2	verabredet sein	Ich bin mit meiner Freundin verabredet.
A2	verbieten /	Hier ist Rauchen verboten.
A2	vereinbaren	Können wir einen Termin vereinbaren?
A2	vergessen	Ich habe meine Hausaufgaben vergessen. Vergiss deinen Arzttermin nicht!
A2	vergleichen	Vergleichen Sie die Angebote! Können wir die Antworten vergleichen?
A2	verletzen sich	Sind Sie verletzt? –Ja, am Bein. Haben Sie sich verletzt?
A2	verlieben sich	Ich bin total verliebt.
A2	verlieren	Ich habe meinen Schlüssel verloren. Michael hat seine Arbeit verloren. Wir haben das Fußballspiel verloren.
A2	verpassen	Ich habe den Zug verpasst.
A2	verreisen	Verreist ihr in den Ferien? Frau Doktor Müller ist zur Zeit verreist. Sie kommt erst nächste Woche zurück.
A2	verschieben	Leider muss ich den Termin verschieben.
A2	verschieden	Unsere beiden Kinder sind sehr verschieden. Ich habe diese Schuhe in verschiedenen Farben.
A2	versuchen	Kann ich es auch einmal versuchen? Haben Sie es schon einmal mit diesem Mittel versucht?
A2	voll	Morgens und abends sind die Züge immer sehr voll. Die Flasche ist noch ganz voll.
A2	vorbei	Die Linie 8 fährt am Krankenhaus vorbei. Kommst du morgen bei mir vorbei?
A2	vorbereiten	Morgen mache ich eine Party. Ich muss noch viel dafür vorbereiten. Ich muss mich auf meine Prüfung vorbereiten.
A2	vorgestern	Er hat mich vorgestern angerufen.
A2	vorher	Ich komme mit ins Café. Vorher muss ich aber noch zur Bank.
A2	vorn e	Bitte vorn(e) einsteigen!
A2	vorsichtig	Sei vorsichtig! Du musst vorsichtig fahren, es ist neblig.
A2	vorstellen sich	Wir wollen uns kennenlernen. Können Sie sich bitte vorstellen? Darf ich Ihnen meine Frau vorstellen?
A2	vorwärts	Fahren Sie bitte noch ein Stück vorwärts.
A2	wach	Bist du schon lange wach? Ich bin noch nicht ganz wach.
A2	wahr	Das ist (nicht) wahr!
A2	wahrscheinlich	Wahrscheinlich mache ich im Herbst einen Deutschkurs. Er kommt wahrscheinlich nicht.
A2	warm	Hier ist es sehr warm. Mittags esse ich oft ein warmes Essen. Ich brauche einen warmen Pullover.
A2	waschen sich	Wo kann ich mir die Hände waschen?
A2	wechseln	Wir müssen den Reifen wechseln. Können Sie mir zehn Dollar wechseln?
A2	wecken	Bitte wecken Sie mich morgen früh um fünf.
A2	weg/weg-	Meine Brille ist weg. Ich finde sie nicht mehr. Bringst du bitte den Müll weg? Können Sie Ihr Auto bitte wegfahren? Ich gehe jetzt weg. Unser Hund ist weggelaufen. Kannst du das bitte wegmachen? Warum hast du dem Kind den Ball weggenommen? Sie können diese Papiere wegwerfen.
A2	wegen	Wegen seiner Arbeit kann er leider nicht kommen. Ich rufe wegen meiner Tochter an.
A2	wehtun	Wo tut es weh? Ich will dir nicht wehtun.
A2	weich	Ich möchte zum Frühstück ein weiches Ei. Das Bett im Hotel war zu weich.
A2	weil	Ich kann nicht kommen, weil ich arbeiten muss.
A2	weinen	Warum weint das Baby? Weine bitte nicht!
A2	welcher	Welcher Tag ist heute? Welchen Kurs möchtest du machen? Welche Bluse nehmen Sie? Welches Buch suchst du?
A2	wenigstens	Ich habe keinen Hunger. - Ach, essen Sie wenigstens ein Stück Kuchen.
A2	wenn	Wenn ich nicht arbeiten muss, komme ich.
A2	wer wen	Wer ist das?
A2	wieder	Stefan kann wieder zum Fußballtraining kommen. Geht es dir wieder besser? Du kommst schon wieder zu spät. Wann kommst du wieder?
A2	windig	Heute ist es sehr windig.
A2	wirklich	Du glaubst mir nicht? Es ist aber wirklich so.
A2	witzig	Warum lachst du? Ich finde das nicht witzig.
A2	wählen	Sie müssen erst eine Null wählen. Wählen Sie bitte ein Getränk.
A2	wünschen	Ich wünsche mir eine Kamera zum Geburtstag.
A2	zeichnen	Caterina kann gut zeichnen. Sieh mal das Bild hier.
A2	zeigen	Können Sie mir bitte den Weg zum Bahnhof zeigen?
A2	zuerst	Zuerst müsst ihr die Hausaufgaben machen, dann könnt ihr spielen. Zuerst hat mir die Arbeit gar nicht gefallen. Jetzt geht es besser.
A2	zuhören	Hör mir doch mal zu! Ich rede mit dir.
A2	zuletzt	Wir haben uns vor drei Jahren zuletzt gesehen. Diese Aufgabe machen wir zuletzt.
A2	zum Beispiel	Mein Freund hat viele Hobbys, zum Beispiel Kochen, Lesen und Tanzen.
A2	zumachen	Machst du bitte das Fenster zu?
A2	zurück-	Fahrt ihr nach der Party zurück nach Hause? Wann muss ich das Buch zurückgeben? Wir gehen wieder zurück. Wann kommst du zurück? Ich habe mein Buch vergessen. Ich laufe schnell nach Hause zurück.
A2	ändern	Das Wetter hat sich geändert. Wie kann ich mein Passwort ändern?
A2	ärgern sich	Warum ärgerst du dich? - Ich ärgere mich, weil das Wetter schlecht ist.
A2	üben	Ich lerne gerade Gitarre spielen. Ich übe jeden Tag zwei Stunden.
A2	überall	Ich habe überall gesucht, aber ich kann meine Brille nicht finden.
A2	übermorgen	Morgen habe ich frei. Ich komme übermorgen wieder ins Büro.
A2	übersetzen	Können Sie mir den Brief bitte übersetzen?
B1	-e Hast du den Lebenslauf	für die geschrieben?
B1	-n Es sind noch	viele Lehrstellen frei.
B1	-weise	1. War der Test schwierig? – Teilweise. die Werkstatt, ̈-en 2. Das ist möglicherweise nicht so einfach. das Werkzeug, -e 1. Wie weit ist es noch bis München? 2. Wie weit sind Sie mit der Arbeit? 3. Die Jacke ist mir zu weit. wert
B1	A Bankomat-Karte	der ec-Karte zahlen.
B1	A Dose	das Couvert, -s (CH) →
B1	A Faschierte	
B1	A Kuvert CH Couvert	Briefmarken dazu.
B1	A Marille	
B1	A Schlag- Obers	Sahne.
B1	A Schwammerl	
B1	A Straßenbahn	Bus?
B1	A Urlaub	Ich suche eine günstige Ferienwohnung.
B1	A Viertel	Quartier.
B1	abbiegen	An der nächsten Kreuzung müssen Sie links abbiegen.
B1	Abgase	Abgase aus Industrie und Haushalten verschmutzen die Luft.
B1	abheben	Für die Reise habe ich 500 Euro von meinem Konto abgehoben.
B1	abhängen	Vielleicht bleiben wir ein paar Tage länger, das hängt vom Wetter ab.
B1	abhängig	Gregor ist finanziell von seinen Eltern abhängig.
B1	Abitur	gemacht.
B1	ablehnen	Er hat mein Angebot, ihm zu helfen, abgelehnt.
B1	abmachen	Wir hatten doch abgemacht, dass du die Getränke besorgst.
B1	abnehmen	Morgen können wir den Verband abnehmen. Ich habe zehn Kilo abgenommen.
B1	abonnieren	Diese Zeitschrift würde ich gerne abonnieren.
B1	absagen	Ich muss unser Treffen leider absagen, weil ich krank geworden bin.
B1	abschreiben	Er hat die Hausaufgaben von mir abgeschrieben.
B1	absolut	Was Sie da sagen, ist absolut falsch. Ich habe absolutes Vertrauen zu dir.
B1	abstimmen	uns über diesen Punkt abstimmen.
B1	abwaschen	Ich muss noch das Geschirr abwaschen.
B1	abwesend	Herr Huber ist bis zum 25. April abwesend.
B1	abwärts	Von dort führt der Weg abwärts ins Tal.
B1	achten	Achten Sie bitte darauf, dass Sie abschließen, wenn Sie gehen.
B1	akzeptieren	Ich kann diese Bedingungen nicht akzeptieren.
B1	aller-	1. Am allerbesten ist es, wenn du dich ins Bett legst und lange schläfst. Dann wirst du schnell wieder gesund. 2. Das ist das Allerschönste, was ich je gesehen habe.
B1	allerdings	Wir können uns morgen treffen, allerdings habe ich erst ab Mittag Zeit.
B1	allgemein	1. Wir haben nur über allgemeine Probleme gesprochen. 2. Es ist allgemein bekannt, dass man hier gut essen kann. 3. Im Allgemeinen bin ich mit meiner Arbeit sehr zufrieden.
B1	alltäglich	Das alltägliche Leben ist manchmal langweilig. Der Roman erzählt eine ganz alltägliche Geschichte.
B1	als ob	Er tut so, als ob wir nie darüber gesprochen hätten.
B1	alternativ	Wir brauchen alternative Energien.
B1	Altersheim	im Altenheim. || Die Großeltern unserer Nachbarn sind
B1	An der nächsten	Haltestelle müssen
B1	analysieren	Die Politiker analysieren die Situation auf dem Arbeitsmarkt.
B1	andererseits	Tarek möchte zwar studieren, aber andererseits möchte er auch gleich Geld verdienen.
B1	anerkennen	Meine Ausbildung wird hier nicht anerkannt.
B1	anfangs	Anfangs ging alles gut.
B1	angeben	Bitte geben Sie Ihre genaue Adresse an.
B1	angenehm	Wir wünschen Ihnen eine angenehme Reise.
B1	anhaben	Gestern hatte Julia ein rotes Kleid an.
B1	ankündigen	Wir sollten unseren Besuch ankündigen.
B1	anmelden	Für diesen Kurs müssen Sie sich unbedingt vorher anmelden.
B1	annehmen	Ich nehme Ihre Einladung gern an. Ich nehme an, dass Sie mit dem Vorschlag einverstanden sind.
B1	anschaffen	Wir haben uns neue Möbel angeschafft.
B1	anschließen	Wo kann ich den Computer anschließen?
B1	anschnallen	Vergiss nicht, dich anzuschnallen.
B1	ansprechen	Gestern hat mich unsere neue Nachbarin im Treppenhaus angesprochen.
B1	anstellen	1. Können Sie bitte die Heizung anstellen? 2. Mein Schwager ist bei einer Möbelfirma angestellt. 3. Da vorne ist die Kasse. Du musst dich anstellen.
B1	anstrengend	Ich finde diese Arbeit sehr anstrengend.
B1	anwenden	Diese Salbe muss man dreimal am Tag anwenden.
B1	anwesend	Bei dem Treffen waren alle Mitglieder anwesend.
B1	anzeigen	Wenn Sie hier parken, zeige ich Sie an.
B1	atmen	Er hat eine Erkältung und kann nicht durch die Nase atmen.
B1	Auf der Party waren	viele Leute.
B1	auffallen	Mir ist aufgefallen, dass Harriett ganz blass ist.
B1	auffordern	1. Sie forderte mich auf, meine Meinung zu sagen. 2. Er fordert sie zum Tanz auf.
B1	aufführen	Die Kinder führen zu Weihnachten ein Theaterstück auf.
B1	aufgeben	1. Ich habe auf der Post ein Paket aufgegeben. 2. Man darf nie aufgeben. Es gibt immer eine Hoffnung.
B1	aufhalten	1. Wo hält er sich gerade auf? – In München. 2. Darf ich Ihnen die Tür aufhalten? 3. Entschuldigen Sie die Verspätung, ich wurde aufgehalten.
B1	aufheben	1. Lassen Sie die Papiere nur auf dem Boden liegen, ich hebe sie schon auf. 2. Die Quittung müssen Sie gut aufheben.
B1	aufladen	Ich muss mein Telefon aufladen. Die Batterie ist leer.
B1	auflösen	Die Tablette bitte in Wasser auflösen.
B1	aufmerksam	1. Die Schülerin hörte aufmerksam zu. 2. Ich mache Sie darauf aufmerksam, dass wir in einer halben Stunde schließen.
B1	aufnehmen	1. Wir haben Aneta in unseren Verein aufgenommen. 2. Ich habe den Film im Urlaub aufgenommen.
B1	aufregen	Es regt mich auf, dass ich schon wieder Überstunden machen muss. Ganz ruhig! Bitte regen Sie sich nicht auf. Heute hast du eine Prüfung. Bist du schon aufgeregt? Die Musikgruppe zu erleben war sehr aufregend.
B1	aufschreiben	Ich habe mir deine Telefonnummer aufgeschrieben.
B1	auftreten	Nächste Woche tritt in der Stadthalle eine berühmte Musikgruppe auf.
B1	aufwachen	Von dem Lärm bin ich aufgewacht.
B1	aufwärts	Sie müssen gute Schuhe anziehen. Der Weg geht immer aufwärts. In letzter Zeit geht es wieder aufwärts mit der Wirtschaft.
B1	ausdrucken	Kann ich das auf deinem Drucker ausdrucken?
B1	auseinander	Wir wohnen nicht weit auseinander.
B1	ausfallen	Nächste Woche fällt der Kurs aus.
B1	ausgebildet	Für diesen Beruf müssen Sie gut ausgebildet sein.
B1	ausgezeichnet	Essen und Unterkunft waren ausgezeichnet.
B1	ausreichen	1. Das Geld muss bis März ausreichen. 2. Seine Kenntnisse reichen für diese Arbeit aus.
B1	ausreichend	Das Geld ist für die Reise ausreichend.
B1	ausrichten	Mein Mann ist nicht da. Soll ich ihm etwas ausrichten?
B1	ausschließen	1. Das kann man nicht ganz ausschließen. 2. So viel kann ich nicht bezahlen. Das ist völlig ausgeschlossen.
B1	ausschließlich	Tut mir leid. Wir haben ausschließlich Nichtraucherzimmer.
B1	außen	1. Wir haben das Schloss nur von außen gesehen. 2. Außen ist das Haus nicht sehr schön.
B1	ausstellen	1. Im Schaufenster sind Winterschuhe ausgestellt. 2. Das Zeugnis wird bis nächste Woche ausgestellt.
B1	auswählen	Für die Aufgabe können Sie aus drei Themen auswählen.
B1	ausziehen	1. Willst du den Mantel nicht ausziehen? 2. Müllers sind schon vor vier Wochen ausgezogen.
B1	beachten	Bitte beachten Sie die Ansagen am Bahnsteig.
B1	beantragen	Hast du schon einen neuen Pass beantragt?
B1	bedienen	1. Werden Sie schon bedient? 2. Die Kaffeemaschine ist ganz leicht zu bedienen.
B1	beeinflussen	Dieses Ereignis hat die Wahlen beeinflusst.
B1	befreit	Studenten und Studentinnen sind von den Rundfunk-Gebühren befreit.
B1	befriedigend	Das Ergebnis ist befriedigend.
B1	begegnen	Sind wir uns nicht schon mal irgendwann begegnet?
B1	begeistert	Es war ein tolles Konzert. Ich bin begeistert.
B1	begleiten	Ich begleite dich ein Stück.
B1	begrenzt	Die Teilnehmerzahl ist auf 12 begrenzt.
B1	begrüßen	Der Gastgeber begrüßt seine Gäste.
B1	behalten	Darf ich die Zeitschrift behalten?
B1	behandeln	1. Welcher Arzt hat Sie bis jetzt behandelt? 2. So lasse ich mich von Ihnen nicht länger behandeln.
B1	behaupten	1. Er behauptet, unsere Meinung sei nicht wichtig. 2. Es ist schwer, sich gegen meinen Kollegen zu behaupten.
B1	behindern	1. Bitte parken Sie so, dass Sie nieman- den behindern. 2. Seit dem Unfall ist das Kind unserer Freunde behindert.
B1	beid-	1. Beide waren mit meinem Vorschlag einverstanden. 2. Welche Bluse nehmen Sie, die rote oder die grüne? – Ich nehme beide.
B1	beinahe	Ich habe heute beinahe den Bus verpasst.
B1	beißen	Pass auf, dass dich der Hund nicht beißt!
B1	bekannt geben	Den Prüfungsort geben wir Ihnen noch rechtzeitig bekannt.
B1	beleidigen	1. Ich wollte Sie nicht beleidigen. 2. Sei doch nicht immer gleich beleidigt.
B1	bemerken	Ich habe nicht bemerkt, dass das Fenster offen ist.
B1	benötigen	Sagen Sie Bescheid, wenn Sie noch etwas benötigen.
B1	beobachten	Wer hat den Unfall beobachtet?
B1	berechnen	Die Kosten für die Fahrt müssen erst berechnet werden.
B1	bereit	1. Ich bin jederzeit bereit, dir zu helfen. 2. Das Paket liegt auf der Post für Sie bereit.
B1	bereits	Bitte melde dich bei Frau Kaiser. Sie hat bereits dreimal angerufen.
B1	Berlin ist die Hauptstadt	von
B1	beruflich	Was machen Sie beruflich?
B1	berufstätig	Sind Sie berufstätig?
B1	beruhigen	Beruhigen Sie sich bitte. Es ist alles in Ordnung. Ich kann Sie beruhigen. Ihrem Sohn ist nichts passiert.
B1	Bescheid geben	Kannst du mir bis morgen Bescheid geben?
B1	Bescheid sagen	Ich erkundige mich nach den Terminen und sage Ihnen dann Bescheid.
B1	beschließen	Wir haben beschlossen, uns ein kleineres Auto zu kaufen.
B1	beschränken	Die Teilnehmerzahl für den Kurs ist beschränkt.
B1	beschädigen	Bitte machen Sie eine Liste davon, was die Einbrecher beschädigt haben.
B1	beschäftigen	Womit haben Sie sich bei Ihrer Arbeit beschäftigt? Seit wann sind Sie bei dieser Firma beschäftigt?
B1	besetzen	1. Dieser Platz ist besetzt. 2. Ich habe drei Plätze besetzt. 3. Ich habe jetzt schon dreimal dort angerufen. Es ist immer besetzt.
B1	besonder-	Meine Eltern wollten uns mit dieser Reise eine ganz besondere Freude machen.
B1	besorgen	Soll ich die Eintrittskarten besorgen?
B1	besprechen	Wir müssen noch genau besprechen, wann wir losfahren und was wir mitnehmen.
B1	bestimmt	1. Das hat Nancy bestimmt nicht so gemeint. 2. Möchtest du ein bestimmtes Brot?
B1	bestrafen	Zu schnelles Fahren wird streng bestraft.
B1	betreuen	Wer betreut bei Ihnen die Kinder?
B1	betrunken	Wenn Sie betrunken Auto fahren, verlieren Sie Ihren Führerschein.
B1	betrügen	Ich würde meine Familie niemals betrügen. Die Rechnung stimmt nicht. Der Kellner hat mich betrogen.
B1	bevor	Bevor wir gehen, möchte ich noch etwas essen.
B1	bewegen	Ich kann mich vor Schmerzen kaum noch bewegen. Ich kann meinen Finger nicht mehr bewegen.
B1	beweisen	Wir können beweisen, dass Sie bei Rot über die Ampel gefahren sind.
B1	bieten	Er hat mir für den alten Wagen noch 800 Euro geboten. Die Firma bietet ihren Mitarbeitern die Möglichkeit, Sprachkurse zu besuchen.
B1	bio logisch	Biologische Lebensmittel gibt es jetzt auch im Supermarkt.
B1	Bio-	Ich kaufe nur noch Biogemüse.
B1	bisher	Bisher ist alles in Ordnung.
B1	Bitte achten Sie	auch auf die am Bahnhof.
B1	Bitte lesen Sie diese	Informationen gehen Sie zur
B1	blass	Du siehst ganz blass aus. Bist du krank?
B1	blind	Er ist von Geburt an blind.
B1	blitzen	1. Gestern Abend gab es ein Gewitter. Es hat furchtbar geblitzt und gedonnert. 2. Ihre Augen blitzen vor Freude.
B1	bloß	1. Ich möchte nichts kaufen. Ich möchte mich bloß umsehen. 2. Komm bloß nicht zu spät. Wir müssen pünktlich am Bahnhof sein. 3. Ach, wenn ich bloß mehr verdienen würde!
B1	bluten	Ich habe mich verletzt. Meine Hand blutet.
B1	blühen	Die Bäume blühen schon. Es ist Frühling.
B1	Brauchen Sie	eine Tüte für den Salat?
B1	Briefumschlag CH Cou-	Briefmarken dazu.
B1	Brötchen A Semmel	Frühstück.
B1	Brötchen CH Brötli	Frühstück.
B1	CH Fauteuil	
B1	CH Hackfleisch	
B1	CH Pension	Rente.
B1	CH Portemonnaie/Port-	Brieftasche.
B1	CH Rentner	
B1	CH Schrank	
B1	CH Serviceangestellter	
B1	chhauer	
B1	chic/schick	Ich finde dein Kleid sehr chick. dahin
B1	D Klassenarbeit	immer gute Noten.
B1	D Schlag- Sahne	(Schlag-)Rahm.
B1	damit	1. Mach schnell, damit wir nicht zu spät kommen. 2. Was macht man mit diesem Ding? - Damit kann man Dosen aufmachen.
B1	danach	Zuerst gehen wir einkaufen, danach grillen wir auf unserem Balkon.
B1	dankbar	Ich bin Ihnen sehr dankbar für Ihre Hilfe.
B1	Danke für den Tipp	Das war sehr
B1	dapfel	bekommen?
B1	darstellen	Er konnte das Problem sehr gut darstellen.
B1	das Abenteuer	Unser Urlaub war ein tolles Abenteuer. Die Kinder lieben Aben- teuergeschichten.
B1	das Abitur D	Meine Tochter hat gerade Abitur
B1	das Abonnement	Ich habe das Abonnement gekündigt.
B1	das Alphabet	Wie viele Buchstaben hat das Alphabet in Ihrer Sprache?
B1	das Altenheim	Die Großeltern unserer Nachbarn sind || im Altersheim.
B1	das Amt	Das Arbeitsamt befindet sich neben dem Busbahnhof.
B1	das Asyl	Die Menschen sind auf der Flucht und bitten um Asyl.
B1	Das Auto ist vielleicht noch	1000 Euro
B1	das Back- Rohr	Ich habe gerade eine Pizza gemacht.
B1	das Ballett	Meine Tochter möchte gern Ballett tanzen.
B1	das BargeldIch	habe kein Bargeld mehr.
B1	das Benzin	Das Benzin soll wieder teurer werden.
B1	das Billett	Ein Billett können Sie am Schalter || kaufen.
B1	das Blut	Der Verletzte hat viel Blut verloren.
B1	das Boot	Bitte schreiben Sie Ihren Namen auf den Antwortbogen. Ich esse gern Bohnen. An diesem See kann man Boote mieten. Das Visum habe ich von der Botschaft bekommen. Ich habe das Buch leider vergessen. Hoffentlich bist du mir nicht böse. Mach nicht so ein böses Gesicht! Ich bin böse auf dich, du bist wieder nicht gekommen! Zeig mal! Du hast dich verletzt? Das sieht aber böse aus. Das Fleisch muss zehn Minuten braten. Heute gibt’s gebratenen Fisch. Nehmen Sie noch etwas Soße zum Braten? Ich brauche ein Auto. Brauchst du die Zeitung noch? Meine Großmutter ist krank. Sie braucht viel Ruhe. Ich habe für die Renovierung eine Woche gebraucht. Sie brauchen morgen nicht zu kommen. Ich schaffe das alleine. Er hat sich beim Skifahren verletzt, sein Bein ist gebrochen. Ich habe mir im Urlaub das Bein gebrochen. Der Teppich ist zwei Meter lang und einen Meter breit. Welche Maße hat der Tisch? – Länge:1m,Breite:80cm,Höhe:1,20 m. Der Mann ist ganz plötzlich über die Straße gegangen. Ich musste stark bremsen. Du musst unbedingt die Bremsen kontrollieren lassen. In diesem Haus hat es letztes Jahr gebrannt. Die Kerze brennt noch. Mach sie bitte aus. In deinem Zimmer hat die ganze Nacht das Licht gebrannt.
B1	das Brötli	Ich hole schnell ein paar Brötli zum
B1	das Buffet	Das Buffet ist eröffnet! Briefumschlag; A: Kuvert
B1	das Denkmal	In dieser Stadt gibt es viele berühmte Denkmäler.
B1	das Dessert	Nach dem Essen gab es noch ein
B1	das Detail	1. Dieses Detail ist unwichtig. 2. Ich habe alles bis ins kleinste Detail vorbereitet.
B1	das Diplom	Wo kann ich mein Diplom abholen?
B1	das Dokument	1. Hast du alle Dokumente für die Anmeldung dabei? 2. Dieser Stein ist ein wichtiges Dokument für die alte römische Kultur.
B1	das Ehepaar	Das Ehepaar unter uns hat zwei Kinder.
B1	das Einkommen	Bei einem höheren Einkommen muss man mehr Steuern zahlen.
B1	das Einschreiben	Ich habe den Brief als Einschreiben geschickt.
B1	das Eis	Die Wohnung ist fertig. Wir können nächste Woche einziehen. 1. Im Winter gibt es Eis und Schnee. 2. Bitte eine Cola ohne Eis. || Zum Nachtisch gibt es Schokoladeneis.
B1	das Erdgeschoss/	Unsere Wohnung befindet sich im Erdgeschoss.
B1	das Ereignis	1. Alle Zeitungen haben über diese Ereignisse berichtet. 2. Das Konzert war ein großes Ereignis.
B1	das Erlebnis	Die Reise war ein tolles Erlebnis.
B1	Das Essen war	sehr lecker.
B1	das Fahrzeug	Wem gehört das Fahrzeug?
B1	das Faschierte A	Geben Sie mir bitte 500 g Faschiertes.
B1	das Feld	Auf diesem Feld wächst Gemüse.
B1	das Feuerzeug	Ist das Feuerzeug neu?
B1	das Forum	Ich melde mich heute bei diesem Forum an.
B1	das Gas	Wir kochen mit Gas. Gib Gas! Die Ampel ist grün.
B1	das Gasthaus	Gehen wir noch in ein Gasthaus ein Bier trinken?
B1	das Gebiet	In diesem Gebiet gibt es kaum Industrie. Die Zeitschrift berichtet regelmäßig über Fortschritte auf dem Gebiet der Medizin.
B1	das Gebirge	Wir haben unseren Urlaub im Gebirge verbracht.
B1	das Gebäck	Das Gebäck ist ganz frisch.
B1	das Gebäude	In diesem Gebäude sind nur Büros.
B1	das Gedicht	Kennst du ein schönes Gedicht?
B1	das Gefängnis	Er wurde zu fünf Jahren Gefängnis verurteilt.
B1	das Gefühl	Ich glaube, ich schaffe die Prüfung. Ich habe ein gutes Gefühl.
B1	das Geheimnis	Das kann ich dir nicht sagen. Das ist ein Geheimnis.
B1	das Geschirr	Für die Geburtstagsfeier brauche ich Geschirr für zwölf Personen.
B1	das Geschlecht	Bitte kreuzen Sie an: „Geschlecht: weiblich/männlich“.
B1	das Gesetz	Das Parlament hat ein neues Gesetz beschlossen.
B1	das Gewissen	Ich habe deinen Geburtstag vergessen. Ich habe ein ganz schlechtes Gewissen.
B1	das Gewürz	Von den scharfen Gewürzen bekommt man Durst.
B1	das Gift	Vorsicht, das Gift dieser Pflanze ist für Menschen gefährlich!
B1	das Girokonto	Mein Girokonto kostet gar nichts.
B1	das Gold	Ist der Ring aus Gold? Nein, der sieht nur so aus.
B1	das Gras	Wir lagen den ganzen Tag im Gras. die Gruppe, -n Ich gratuliere euch zur Geburt eurer Tochter. grüßen, grüßt, grüßte, hat gegrüßt Herzliche Gratulation! Sie haben gewonnen! der Gruß, ̈-e1. Diese Reparatur kostet Sie gar nichts, wir machen das gratis für Sie.
B1	das Hackfleisch	Geben Sie mir bitte 500g Hackfleisch.
B1	das Hallenbad	Sie geht jeden Tag zum Schwimmen ins Hallenbad. hängen, hängt, Hallo, wie geht’s? − Danke, gut, und hing/hängte, dir? hat gehangen/gehängt
B1	das Haustier	Hat deine Familie ein Haustier? − Ja, wir haben einen Hund.
B1	das Heimweh	Ich habe oft Heimweh nach meiner Familie.
B1	das Hend e l	Zum Mittagessen gibt es Hendl mit
B1	das Herz	1. Ich bin ganz nervös. Mir klopft das Herz. 2. Wir müssen Ihr Herz untersuchen.
B1	das Holz	Möchten Sie ein Regal aus Holz oder aus Metall?
B1	das Hähnchen/Hühnchen	Zum Mittagessen gibt es Hühnchen mit der Hammer, ̈- Reis.
B1	das Inserat	Was kostet ein Inserat in der Zeitung? inzwischen Insgesamt haben sich 20 Teilnehmer für die Prüfung angemeldet.
B1	das Institut	Ich besuche einen Sprachkurs in einem kleinen Sprachinstitut. irgendwann
B1	das Kabel	1. Wo ist das Kabel für das Aufnahme- gerät? 2. Mit Kabel bekommen Sie über 30 Fernsehkanäle.
B1	das Kaffeehaus	Hier in der Nähe ist ein Kaffeehaus. Lass uns einen Kaffee trinken.
B1	das Kapitel	Die Lehrerin hat gesagt, wir sollen zwei Kapitel im Buch wiederholen.
B1	das Kennzeichen	Das Auto hat ein Schweizer Kennzeichen.
B1	das Kissen	Ohne Kopfkissen kann ich nicht schlafen.
B1	das Klima	Alle sagen, dass sich das Klima ändert.
B1	das Knie	Ich habe mich am Knie verletzt. Jetzt kann ich nicht laufen.
B1	das Konsulat	Ein Visum bekommst du auch im Konsulat.
B1	das Kostüm	In dem Film tragen die Leute bunte Kostüme.
B1	das Kraftfahrzeug	Auf dieser Straße sind Kraftfahrzeuge nicht erlaubt.
B1	das Kraftwerk	Die Menschen protestieren gegen das Kraftwerk.
B1	das Krankenhaus	Er hat sich verletzt und musste ins Krankenhaus.
B1	das Kreuz	Was bedeutet dieses Kreuz hier?
B1	das Kuvert	Ich hätte gern 50 Kuverts und
B1	das Lager	Ich weiß nicht, ob wir diesen Schuh in Ihrer Größe haben. Ich sehe mal im Lager nach. Unsere Kinder fahren im Sommer ins Zeltlager.
B1	das Licht an	machen? Ich kann macht man hier
B1	das Loch	1. Ich habe ein Loch im Zahn. Ich muss zum Zahnarzt. 2. Deine Hose hat ein Loch. – Ich weiß, sie ist schon alt.
B1	das Magazin	Jugendliche lesen dieses Magazin gern.
B1	das Material	Aus welchem Material ist der Schrank? – Aus Holz.
B1	das Mehl	Ich möchte einen Kuchen backen. Ist noch genug Mehl da?
B1	das Menü	Nimm doch das Menü, das sieht gut aus.
B1	das Metall	Dieser Tisch hier ist ganz aus Metall.
B1	das Mineralwasser	Kann ich bitte ein Mineralwasser haben?
B1	das Mitglied	Für Mitglieder ist der Eintritt zum Konzert gratis.
B1	das Mobiltelefon	Wie kann ich Sie erreichen? Haben Sie ein Mobiltelefon?
B1	das Modell	Wie findest du dieses Auto? – Dieses Modell gefällt mir nicht.
B1	das Motorrad	Oskar fährt jeden Tag mit dem Motorrad zur Arbeit.
B1	das Märchen	Meine Großmutter hat uns viele Märchen erzählt.
B1	das Müesli/Müsli	Zum Frühstück gibt es Müsli mit Obst.
B1	das Nahrungsmittel	In diesen Ländern fehlen vor allem Nahrungsmittel.
B1	das Opfer	Bei der Schiffskatastrophe gab es viele Opfer.
B1	das Orchester	Auf unserer Hochzeit hat ein kleines Orchester gespielt.
B1	das Original	Das Original ist für Sie. Wir bekommen die Kopie. || Ich muss das originale Dokument abgeben.
B1	das Pech	1. Es regnet. Unser Picknick fällt leider aus. – So ein Pech! 2. Wir hatten im Urlaub Pech mit dem Wetter.
B1	das Personal	Dieser Eingang ist nur für das Personal.
B1	das Pflaster	Hast du ein Pflaster? Ich habe mich geschnitten.
B1	das Picknick	Am Sonntag machen wir ein Picknick. Der Arzt hat mir neue Pillen verschrieben.
B1	das Plastik	Was für ein Spielzeug möchten Sie? Aus Plastik oder aus Holz?
B1	das Portemonnaie/Port-	Ich habe nur Kleingeld in meinem Portemonnaie.
B1	das Publikum	Es war ein tolles Konzert. Das Publikum war begeistert.
B1	das Quartier	Wir wohnen in einem schönen
B1	das Quiz	Er hat beim Quiz gewonnen.
B1	das Rad	Hast du noch ein Rad? Ich bin durch Glas gefahren und jetzt ist mein Rad kaputt. || Sie fährt jeden Morgen mit dem Rad
B1	das Recht	Nach deutschem Recht kann er dafür nicht bestraft werden. Ich hatte Vorfahrt. Ich war im Recht. Die Rechnung stimmt nicht? Dann haben Sie das Recht, das Geld zurückzubekommen. || Ist es Ihnen recht, wenn ich morgen vorbeikomme? Da haben Sie recht. Da muss ich Ihnen recht geben.
B1	das Referat	Vielen Dank für dieses interessante Referat.
B1	das Regal	Das Buch steht im Regal oben rechts.
B1	das Risiko	Ich nehme keinen Kredit auf. Das Risiko ist mir zu hoch.
B1	das Rüebli	Hasen fressen gern Rüebli.
B1	das Schaufenster	Ich habe im Schaufenster eine schicke Bluse gesehen.
B1	das Schmerzmittel	Sie haben Zahnschmerzen? Ich verschreibe Ihnen ein Schmerzmittel.
B1	das Schnitzel	Bitte ein Schnitzel mit Kartoffeln und Salat.
B1	das Schwammerl	Haben Sie frische Schwammerln?
B1	das Semester	Mein Neffe studiert im 7. Semester Medizin.
B1	das Seminar	Ich möchte dieses Seminar unbedingt besuchen. Ich hole schnell ein paar Semmeln zum
B1	das Sonderangebot	Das ist ein Sonderangebot: 25 % re- duziert.
B1	das Souvenir	Ich habe ein paar Souvenirs aus dem Urlaub mitgebracht.
B1	das Spielzeug	Zu Weihnachten wünschen sich die Kinder vor allem Spielzeug.
B1	das Stadion	Ich möchte am Samstag ins Stadion gehen. Da spielt meine Mannschaft.
B1	das Stiegenhaus	Im Stiegenhaus ist kein Licht.
B1	das Streichholz	Ich hätte gern eine Schachtel
B1	das Studio	Zu Gast im Studio sind heute ...
B1	das Stück/-stück	1. Ich nehme zwei Stück Zucker in den Kaffee. 2. Möchten Sie noch ein Stück Kuchen? 3. Was kosten die Kulis? – Ein Euro pro Stück. 4. Ich begleite dich ein Stück. 5. Er spielt in dem Stück die Hauptrolle.
B1	das Suchtmittel	Manche Medikamente sind auch Suchtmittel.
B1	das Symbol	Das Herz ist ein Symbol für die Liebe. Auf dem Bildschirm finden Sie viele Symbole.
B1	das System	Welches Betriebssystem hast du? Ich kenne Ihr System nicht. Können Sie es mir erklären?
B1	das Tal	Unser Dorf liegt in einem Tal.
B1	das Talent	Sie hat großes Talent für Musik.
B1	das Taschengeld	Wie viel Taschengeld bekommst du im Monat?
B1	das Taschentuch	Hast du ein Taschentuch für mich?
B1	das Tempo	Hier darfst du nur Tempo 30 fahren. Achtung, hier ist eine Tempo-30-Zone!
B1	das Tennis	Ich spiele gern Tennis.
B1	das Tor	Hinter dem Tor geht es zur Fabrik. Die Mannschaft konnte vier Tore schießen.
B1	das Tram	Fahren wir mit dem Tram oder dem
B1	das Treppenhaus	Im Treppenhaus ist kein Licht.
B1	das Trinkgeld	Ich habe dem Kellner zwei Euro Trinkgeld gegeben. U
B1	das Tuch	Es war ziemlich kalt. Trotzdem bin ich schwimmen gegangen. überall 1. Wo hast du dieses schöne Tuch gekauft? 2. Die Handtücher sind im Schrank ganz überfahren, überfährt, oben. überfuhr, hat überfahren 3. Hast du ein Taschentuch für mich? überhaupt
B1	das Ufer	1. Er schwimmt ans Ufer zurück. 2. Am Seeufer ist es schön spazieren zu gehen.
B1	das Unglück	Bei dem Unglück gab es viele Verletzte.
B1	das Urteil	1. Dein Urteil ist für mich sehr wichtig. 2. Das Urteil des Gerichts erscheint mir zu hart.
B1	das Velo	1. Sie fährt jeden Morgen mit dem Velo zur Arbeit. 2. Am Sonntag fahren wir oft Velo.
B1	das Verbot	Ich bin für das Verbot dieses neuen Videospiels.
B1	das Vergnügen	Es ist ein Vergnügen, den Kindern beim Spielen zuzusehen. Ich wünsche dir viel Vergnügen bei der Party!
B1	das Verhalten	Ich bewundere dein Verhalten in der schwierigen Situation.
B1	das Verhältnis	Ich habe ein gutes Verhältnis zu meinen Eltern.
B1	das Verkehrsmittel	Es gibt kaum Parkplätze. Sie sollten mit öffentlichen Verkehrsmitteln fahren.
B1	das Verkehrszeichen	Meine Kinder lernen in der Schule gerade die Verkehrszeichen.
B1	das Verständnis	Wir bitten um Ihr Verständnis.
B1	das Video	1. Ich habe den Film auf Video aufgenommen. 2. Lass uns ein Video vom Fest machen!
B1	das Viertel	Wir wohnen in einem schönen Viertel.
B1	das Visum	Das Visum ist für drei Monate gültig.
B1	das Vitamin	Der Arzt sagt, ich soll viele Vitamine essen.
B1	das Vorstellungsgespräch	Wann hast du dein Vorstellungs- gespräch?
B1	das Waschmittel	Diese Bluse darfst du nicht mit jedem Waschmittel waschen.
B1	das Wunder	1. Ich bin mit dem Fahrrad gestürzt. Es war ein Wunder, dass nichts Schlimmes passiert ist. 2. Du isst zu viel Schokolade. Kein Wunder, dass die Hose nicht mehr passt.
B1	das Wörterbuch	Ich muss das Wort im Wörterbuch nachschlagen.
B1	das Zeichen	Bitte fangen Sie erst an, wenn ich Ihnen ein Zeichen gebe.
B1	das Zertifikat	Wenn ich die Prüfung schaffe, bekomme ich ein Zertifikat.
B1	das Zeug/-zeug	Was hast du mit meinen Sachen gemacht? – Ich habe dein ganzes Zeug in dein Zimmer getan.
B1	das Zuhause	Ich fühle mich hier wohl. Das ist mein Zuhause.
B1	das Zündholz	Ich hätte gern eine Schachtel
B1	das/der Schlag- Obers	Ich hätte gern ein Stück Torte mit (Schlag-)Obers.
B1	das/der Zvieri/Znüni	Es ist Zeit für ein kleines Zvieri.
B1	dauernd	Das dauernde Klingeln des Telefons stört mich. Er ist dauernd krank.
B1	dekorieren	Hilfst du mir, den Tisch für die Party zu dekorieren?
B1	Den Kuchen habe	ich selbst gebacken.
B1	der Abfall	Werfen Sie den Bioabfall bitte nicht zum normalen Müll.
B1	der Abfalleimer	Wirf das bitte in den Abfalleimer!
B1	der Abschied	Der Abschied von meinen Freunden fiel mir schwer.
B1	der Abschluss	Ein guter Schulabschluss ist sehr wichtig.
B1	der Abschnitt	Lesen Sie bitte den zweiten Abschnitt.
B1	der Abwart	Der Abwart hat mir geholfen, den Schrank in die Wohnung zu tragen.
B1	der Alarm	Bei Feueralarm dürfen Sie die Aufzüge nicht benutzen.
B1	der Alkohol	1. Du musst die Wunde mit Alkohol reinigen. 2. Nein, danke! Ich trinke keinen Alkohol.
B1	der Alltag	Das ist mein Alltag: putzen, waschen, kochen.
B1	der Anbieter	Ist das ein privater Telefonanbieter?
B1	der Angehörige	Der Arzt darf nur Familienangehörigen Auskunft geben.
B1	der Angestellte	Björn ist Angestellter in einem Reisebüro.
B1	der Anrufbeantworter	Ich habe dir eine Nachricht auf den Anrufbeantworter gesprochen.
B1	der Anspruch	Sie wohnen im Stadtzentrum. Deshalb haben Sie keinen Anspruch auf Fahrgeld.
B1	der Antrag	Haben Sie schon einen Antrag für das Wohngeld ausgefüllt?
B1	der Anwalt	Ich werde das nicht bezahlen. Ich möchte zuerst mit meinem Anwalt sprechen.
B1	der Arbeiter	Maria ist seit zwei Jahren Arbeiterin bei Siemens.
B1	der Architekt	Dieses Haus hat eine berühmte Architektin gebaut.
B1	der Atem	Bitte den Atem anhalten.
B1	der Aufenthalt	1. Der Zug hat in München nur 20 Minuten Aufenthalt. 2. Wir wünschen Ihnen einen angenehmen Aufenthalt.
B1	der Auftrag	Ich komme im Auftrag von Frau Müller und soll Ihnen diesen Brief geben. Im Moment hat die Firma besonders viele Aufträge.
B1	der Auftritt	Nach dem Auftritt feiern die Musiker.
B1	der Augenblick	Ich wollte gerade parken. In dem Au- genblick ist ein Wagen aus der Ausfahrt gekommen. Einen Augenblick, bitte! Im Augenblick sind keine Plätze frei.
B1	der Ausdruck	Diesen Ausdruck habe ich noch nie gehört. || Machen Sie doch bitte einen Ausdruck von der E-Mail.
B1	der Automat funktioniert	bitte mal zeigen, wie nicht mehr.
B1	der Autor	Diese Autorin hat in diesem Jahr schon zwei Bücher geschrieben.
B1	der Back- Ofen	Ich habe gerade eine Pizza gemacht. Sie ist ganz frisch aus dem Ofen.
B1	der Bancomat/Bankomat	Ich hole noch schnell Geld vom Bankomaten.
B1	der Bart	John trägt jetzt einen Bart.
B1	der Bau	Ich wohne in einer Neubauwohnung. 2. Unser Haus ist ein Altbau.
B1	der Bauer	Wir kaufen unser Gemüse beim Bauern.
B1	der Bauernhof	Meine Großeltern hatten einen Bauernhof.
B1	der Bedarf	An diesem Produkt besteht großer Bedarf.
B1	der Beginn	Zu Beginn der Stunde begrüßt die Lehrerin ihre Schüler.
B1	der Beitrag	1. Die Krankenkasse hat die Beiträge erhöht. 2. Der Mitgliedsbeitrag für den Sportverein beträgt 34 Euro pro Monat.
B1	der Bekannte	In Hannover wohnen Bekannte von mir.
B1	der Beleg	Brauchen Sie einen Beleg?
B1	der Bereich	1. In welchem Bereich möchten Sie arbeiten? 2. Umfahren Sie den Baustellenbereich.
B1	der Bericht	Ich habe gestern einen interessanten Bericht gelesen.
B1	der Betrag	Bitte überweisen Sie den Betrag auf unser Konto.
B1	der Betreuer	Die Betreuerin der Kinder ist sehr nett.
B1	der Betrieb	In diesem Betrieb arbeiten zehn Leute. Kurz vor Weihnachten ist in den Kaufhäusern immer viel Betrieb. Der Aufzug ist in Betrieb/außer Betrieb.
B1	der Betriebsrat	Der Betriebsrat wird Sie über die neuen Arbeitszeiten informieren.
B1	der Beweis	Haben Sie dafür Beweise?
B1	der Bewohner	Ich kenne die anderen Hausbewohner nicht.
B1	der Bildschirm	Ich brauche einen größeren Bildschirm für meinen Computer. Wir haben einen Fernsehapparat mit einem sehr großen Bildschirm.
B1	der Blitz	Was für ein Gewitter, hast du den Blitz gesehen? 2. Hast du das Foto mit Blitz gemacht?
B1	der Boden	Die Bücher lagen alle auf dem Boden. Auf diesem Boden wächst Gemüse besonders gut.
B1	der Briefkasten	Ist hier in der Nähe ein Briefkasten? 2. Hol bitte mal die Zeitung aus dem Briefkasten.
B1	der Briefträger	War die Briefträgerin schon da?
B1	der Briefumschlag	Ich hätte gern 50 Briefumschläge und
B1	der Bub	In der Schulklasse sind 15 Buben und || 10 Mädchen.
B1	der Bürger	Aussicht. da EU-Bürgerinnen und Bürger können überall in Europa arbeiten.
B1	der Coiffeur	1. Du siehst toll aus! Wer ist dein Coiffeur? 2. Meine Tochter will Coiffeuse werden.
B1	der Dialekt	Ich verstehe dich besser, wenn du nicht Dialekt sprichst.
B1	der Dialog	Sie hören jetzt einen Dialog.
B1	der Dieb	Ein Dieb hat mir auf dem Markt die Tasche gestohlen.
B1	der Dienst	1. Als Krankenschwester habe ich oft Frühdienst. 2. Morgen habe ich Dienst. Deshalb kann ich nicht kommen.
B1	der Direktor	Ich möchte gern mit dem Direktor sprechen.
B1	der Donner	Der Donner kam erst lange nach dem Blitz.
B1	der Dreck	1. Iss den Apfel nicht! Der lag im Dreck. 2. Ich konnte vor lauter Dreck auf dem Fenster nichts sehen. 3. Kümmere dich um deinen eigenen Dreck!
B1	der Druck	Mit einem Knopfdruck schaltet man das Gerät ein. Wie hoch muss der Druck in den vorderen Reifen sein?
B1	der Durchschnitt	Der Durchschnitt der Ausgaben liegt bei 150 Euro im Monat. Im Durchschnitt brauchen wir täglich 20 Minuten zur Arbeit. Die Studentin gehört zum Durchschnitt.
B1	der Einbrecher	Die Einbrecher haben nichts gestohlen.
B1	der Einbruch	In der Urlaubszeit gibt es viele Wohnungseinbrüche.
B1	der Eindruck	Ich finde die Leute auf der Straße ziemlich unfreundlich. Wie ist dein Eindruck? Ich glaube, ich habe bei dem Vorstellungsgespräch einen guten Eindruck gemacht.
B1	der Einfall	Frag einfach meine Freundin. Sie hat immer gute Einfälle.
B1	der Einfluss	Das Wetter hat Einfluss auf die Gesundheit der Menschen.
B1	der Einkauf	Achten Sie beim Einkauf auf Sonderangebote. 2. Ich habe alle Einkäufe erledigt. Jetzt können wir einen Kaffee trinken.
B1	der Einwohner	Berlin hat über drei Millionen Einwohner.
B1	der Empfang	Bitte den Empfang bestätigen! 2. Ich bin mit dem Fernseher nicht zufrieden. Der Empfang ist sehr schlecht. 3. Zur Firmeneröffnung bitten wir zu einem kleinen Empfang.
B1	der Enkel	Alle meine Enkel gehen schon zur Schule.
B1	der Erdapfel	Kann ich bitte noch Erdäpfel
B1	der Erfolg	1. Der Film war ein großer Erfolg. 2. Ich wünsche Ihnen viel Erfolg bei der Prüfung.
B1	der Ersatz	Sie bekommen von unserer Firma einen Ersatz für das kaputte Gerät.
B1	der Essig	Darf ich Sie zum Essen einladen? Das Essen ist kalt geworden. fahren, fährt, fuhr, ist/hat Am Salat fehlt noch etwas Essig. gefahren
B1	der Faktor	Die Creme hat einen hohen Sonnen- schutzfaktor.
B1	der Fall	Was würden Sie in diesem Fall tun? Rufen Sie auf jeden Fall vorher noch einmal an. Für den Fall, dass meine Mutter aus dem Krankenhaus kommt, bleibe ich zu Hause.
B1	der Fasching	Dort hängt mein Kostüm für den
B1	der Fauteuil	Ich hätte gern einen bequemen
B1	der Feierabend	Einen schönen Feierabend.
B1	der Feiertag	Am Montag ist Feiertag. 2. Schöne Feiertage.
B1	der Finger	Alessandro hat sich in den Finger geschnitten.
B1	der Fleck	Du hast einen Fleck auf der Bluse.
B1	der Fleischhauer	Dieser Fleischhauer macht sehr gute Wurst.
B1	der Flur	Wir warten draußen im Flur.
B1	der Fortschritt	Ich habe beim Deutschlernen große Fortschritte gemacht.
B1	der Fotograf	Die Fotografin hat sehr schöne Fotos gemacht.
B1	der Friede	Endlich ist hier Frieden! der Führerausweis, -e (CH) 1. Wenn Sie frieren, mache ich das →D, A: Führerschein
B1	der Friseur	1. Du siehst toll aus! Wer ist dein Friseur? 2. Meine Tochter will Friseurin werden. das Fundbüro, -s
B1	der Fußgänger	Dieser Weg ist nur für Fußgänger.
B1	der Gang	Wir warten draußen im Gang. ( →D, CH: Korridor; D: Flur)
B1	der Gedanke	Ich muss zuerst meine Gedanken sammeln. Dein Hinweis bringt mich auf einen Gedanken. Der Gedanke an das Unglück macht uns traurig. Lass uns einen Ausflug machen, damit du auf andere Gedanken kommst. Sie ist ganz in Gedanken versunken.
B1	der Gegensatz	Diese beiden Meinungen stehen in starkem Gegensatz zueinander. Im Gegensatz zu ihm ist sein Vater ziemlich klein.
B1	der Gegenstand	Ich schließe meine persönlichen Gegenstände im Schwimmbad lieber in ein Fach ein. Eine Durchsage der Polizei: Auf der A8 liegen Gegenstände auf der Fahrbahn.
B1	der Gegner	Sie ist eine Gegnerin von Tierversuchen. Die Mannschaft aus Frankreich war ein sehr starker Gegner.
B1	der Gehsteig	Das Fahrradfahren auf dem Gehsteig || nicht erlaubt.
B1	der Geschmack	Ich möchte bitte Kaugummi mit Erdbeergeschmack.
B1	der Gewinn	Ich habe bei einem Ratespiel mitge - macht. Der Hauptgewinn ist ein Auto.
B1	der Gott	1. Glaubst du an Gott? gründlich 2. Gott sei Dank ist ihm nichts passiert.
B1	der Grill	Kannst du mir deinen Grill leihen? Wir wollen am Wochenende ein Picknick machen.
B1	der Grund	1. Sie haben Ihre Stelle gekündigt. Aus welchem Grund? 2. Sie haben keinen Grund, sich zu beschweren.
B1	der Hafen	Wenn du in Hamburg bist, musst du dir unbedingt den Hafen ansehen. der Halt
B1	Der Handel mit	Computern ist ein
B1	der Hauptbahnhof	Treffen wir uns am Hauptbahnhof?
B1	der Hausmeister	Der Hausmeister hat mir geholfen, den Schrank in die Wohnung zu tragen.
B1	der Held	1. Er spielt gern den Helden. 2. Sie ist die Heldin des Tages.
B1	der Hersteller	Ihr Handy ist kaputt? Wir schicken es an den Hersteller zurück und lassen es reparieren.
B1	der Himmel	Wir hatten im Urlaub so tolles Wetter. Immer Sonne und blauer Himmel.
B1	der Hinweise	Die Polizei hat viele Hinweise zum Unfall bekommen.
B1	der Hof	Die Kinder spielen am liebsten im Hof.
B1	der Honig	Ich esse gern Brötchen mit Honig und Butter zum Frühstück.
B1	der Humor	1. Wir mögen Paul, weil er so viel Humor hat. 2. Den Humor des Komikers verstehe ich nicht. indem Möchtest du Suppe? – Nein danke, ich habe keinen Hunger. individuell Ich bin sehr hungrig.
B1	der Hut	Sie sollten im Sommer nicht ohne Hut in die Sonne gehen. die Information, -en1.
B1	der Hörer	Die Sendung hat viele Hörer und immer Hörerinnen.
B1	der Hügel	Auf diesem Hügel machen wir eine Pause.
B1	der Imbiss	Es ist Zeit für einen kleinen Imbiss.
B1	der Intensivkurs	Der Intensivkurs findet täglich von 9 bis 12 Uhr statt.
B1	der Journalist	Meine Tochter möchte Journalistin werden.
B1	der Kakao	Zum Frühstück trinke ich immer einen Kakao.
B1	der Kampf	Im Schulbus gibt es immer einen Kampf um die Sitzplätze.
B1	der Kanal	Mit Kabel bekommen Sie über 30 Fernsehkanäle.
B1	der Kandidat	Wie viele Kandidaten kommen zur Prüfung?
B1	der Karneval	Dort hängt mein Kostüm für den
B1	der Kasten	Ich habe zwei Kästen Bier gekauft. || Die Handtücher liegen im Kasten.
B1	der Katalog	Ich habe mir ein Kleid aus dem Katalog bestellt.
B1	der Kauf	Der neue Esstisch war ein guter Kauf.
B1	der Kellner	Ich bin Kellnerin von Beruf.
B1	der Klick	Um das Wort zu markieren, genügt ein Doppelklick mit der linken Maustaste.
B1	der Kloß	Möchten Sie zum Fleisch Kartoffeln || Knödel? – Knödel bitte.
B1	der Knochen	Ich bin hingefallen. Jetzt tun mir alle Knochen weh.
B1	der Knopf	1. An meiner Jacke fehlt ein Knopf. 2. Der Fahrstuhl kommt nicht. – Sie müssen auf den Knopf drücken.
B1	der Koch	Ein Freund von mir ist Koch in einem teuren Restaurant.
B1	der Kompromiss	Alle wollen etwas anderes. Wir müssen einen Kompromiss finden.
B1	der Konflikt	1. Das ist ein alter Konflikt. 2. Ich habe einen Konflikt mit meinen El- tern.
B1	der Konsum	Der Konsum von Lebensmitteln steigt.
B1	der Kopierer	Der Kopierer ist schon wieder kaputt.
B1	der Kranke	Kranke brauchen viel Ruhe.
B1	der Krankenpfleger	Mein Bruder arbeitet als Krankenpfleger im Krankenhaus.
B1	der Krankenwagen	Wir mussten einen Krankenwagen rufen.
B1	der Kreis	1. Die Kinder sitzen im Kindergarten im Kreis. 2. Bitte malt jetzt alle einen Kreis in euer Heft. 3. Unser Ort gehört zum Kreis Neuss.
B1	der Krieg	1. Es herrscht noch immer Krieg in diesem Land. 2. Der Lehrer spricht über den Zweiten Weltkrieg.
B1	der Kuli	Hast du einen Kuli für mich?
B1	der Kunststoff	Der Stuhl ist aus Kunststoff. Ich besuche regelmäßig einen Deutschkurs.
B1	der Kursleiter	Die Kursleiterin ist mit unserer Kursgruppe manchmal in den Computerraum gegangen.
B1	der Kuss	Gib der Mama einen Kuss!
B1	der Käse	Möchtest du Käse aufs Brot?
B1	der Käufer	Ich habe schon einen Käufer für den alten Tisch.
B1	der König	Der spanische König ist in Deutschland zu Besuch.
B1	der Künstler	In diesem Stadtteil wohnen viele Kün- stlerinnen. Neben uns wohnt eine Musikerin.
B1	der Laster	Auf der Autobahn waren so viele die Lehre Laster. Deshalb hat es so lange gedauert. die Lehrstelle,
B1	der Lehrling	Als Lehrling verdient man nicht sehr lesen, liest, las, viel Geld. hat gelesen
B1	der Leiter	Wie heißt die Leiterin der Schule? das Lied, -er Ab 1. Juli übernimmt Herr Meier die Leitung der Abteilung. 2. Tut mir leid, alle Leitungen sind liefern, liefert, lieferte, hat besetzt. geliefert 3. Wir müssen eine neue Leitung legen lassen. die Lieferung, -en || Haben Sie eine Leiter für mich? Ich will liegen, liegt, lag, die Fenster putzen. hat/ist gelegen
B1	Der Lichtschalter ist	innen links.
B1	der Lohn	1. Sie bekommen Ihren Lohn immer am Ende des Monats. 2. Die Löhne sind hier sehr niedrig.
B1	der Lärm	Die Flugzeuge machen einen die Lebensmittel (Pl.)1. schrecklichen Lärm.
B1	der Maler	Wir haben die Maler im Haus. Wir lassen die Wände neu streichen. 2. Picasso ist vielleicht der bekannteste Maler der Welt.
B1	der Mangel	1. In dieser Stadt gibt es einen großen Mangel an Wohnungen. 2. Die Maschine hat technische Mängel.
B1	der Mechaniker	1. Das kann nur ein Mechaniker reparieren. 2. Karim ist Automechaniker. Er arbeitet bei Opel.
B1	der Meister	1. Ich weiß nicht, wie man das macht. – Dann frag doch den Meister. 2. Unsere Mannschaft ist deutscher Meister geworden.
B1	der Metzger	Dieser Metzger hat sehr gute Wurst.
B1	der Mieter	Sie hat heute neue Mieter für die Wohnung gefunden.
B1	der Migrant	Viele Migranten kommen aus Osteuropa.
B1	der Mond	Bei Vollmond kann ich nicht schlafen.
B1	der Monitor	Ich habe mir einen größeren Monitor gekauft. Das ist besser für meine Augen.
B1	der Musiker	Mein Bruder möchte Musiker werden.
B1	der Muskel	Im Fitness-Studio trainieren wir unsere Muskeln.
B1	der Mut	Man braucht viel Mut, um in einem fremden Land ganz neu anzufangen.
B1	der Müll	1. Bringst du bitte noch den Müllsack raus? 2. Wir müssen den Müll trennen.
B1	der Nachteil	Einen Nachteil hat die Wohnung. Sie liegt nicht zentral.
B1	der Nachwuchs	1. Der Nachwuchs bei Forschern soll gefördert werden. 2. Die Katze hat Nachwuchs bekommen.
B1	der Nagel	1. Kannst du mir den Nagel in die Wand schlagen? 2. Ich muss mir die Fingernägel schneiden.
B1	der Nebel	Natürlich helfen wir dir. Kommst du auch wirklich zu meiner Party? – Natürlich. das Netzwerk, -e Wegen Nebels konnten wir gestern nicht in Frankfurt landen. Fahren Sie bei Nebel besonders vorsichtig! neu
B1	der Neffe	Meine Schwester hat zwei Kinder. Meine Neffen sind drei und fünf Jahre alt.
B1	Der neue Sekretär	hat sich gestern
B1	der Notausgang	Der Notausgang ist gleich hier bei der Treppe.
B1	der Notfall	Wir haben einen Notfall. Bitte schicken Sie einen Krankenwagen. 2. Im Notfall rufen Sie bitte diese Nummer an.
B1	Der Notruf hat die	Nummer 110.
B1	der Ober	Ich bin Ober von Beruf.
B1	der Onkel	Nächste Woche fahre ich zu meinem Onkel nach Berlin.
B1	der Ordner	Für meine Übungen im Deutschkurs habe ich mir einen Ordner gekauft.
B1	der Ozean	Dieses Schiff fährt über den Atlantis- chen Ozean.
B1	der Paradeiser	Kauf bitte noch Paradeiser auf dem
B1	der Passagier	Die Passagiere Schulz und Kaufmann sollen bitte zur Information kommen.
B1	der Patient	Ich bin Patientin bei Dr. Hausner. Ich möchte bitte einen Termin.
B1	der Pensionist	Meine Großmutter arbeitet nicht mehr. Sie ist Pensionistin.
B1	der Perron	Auf Hauptbahnhöfen gibt es meist
B1	der Pfeffer	Bringen Sie uns bitte Pfeffer und Salz.
B1	der Pfleger	Meine Freundin ist Pflegerin in einem Altersheim.
B1	der Pilz	Haben Sie frische Pilze? || sehr Meine Frau ist im dritten Monat schwanger.
B1	der Politiker	Weißt du, wie dieser Politiker heißt?
B1	der Polizist	Die Ampel war kaputt. Ein Polizist hat den Verkehr geregelt.
B1	der Praktikant	Bei dieser Firma habe ich zwei Jahre als Praktikantin gearbeitet.
B1	der Professor	Unsere Nachbarin ist Professorin an der Universität.
B1	der Profi	Keine Angst. Mein Bruder kann die Heizung bestimmt reparieren. Er ist doch ein Profi.
B1	der Profisportler	Mein Sohn möchte Profisportler werden.
B1	der Protest	Alle Proteste haben nichts genützt.
B1	der Prozess	Der Prozess wird direkt aus dem Gerichtssaal im Fernsehen übertragen.
B1	der Punkt	Das Konzert beginnt um Punkt 20 Uhr. Beim letzten Satz fehlt der Punkt. Diesen Punkt haben wir noch nicht be- sprochen.
B1	der Rabatt	Sie bekommen zehn Prozent Rabatt.
B1	der Radfahrer	Achtung! Da kommt eine Radfahrerin.
B1	der Rand	Wir wohnen am Rand der Innenstadt. Dort ist es billiger und ruhiger.
B1	der Rasen	Bitte den Rasen nicht betreten!
B1	der Rat	Was soll ich machen? Können Sie mir einen Rat geben?
B1	der Raucher	Gibt es hier ein Zimmer für Raucher? Ich bin keine Raucherin. Ich bin Nichtraucherin.
B1	der Rechner	Mein Rechner ist kaputt.
B1	der Rekord	Es gibt einen neuen Rekord im Schwimmen.
B1	der Rentner	Meine Großmutter arbeitet nicht mehr. Sie ist Rentnerin.
B1	der Reporter	Die Reporterin macht gerade ein Interview.
B1	der Respekt	Ich habe großen Respekt vor meinem Lehrer. Du solltest ihr mehr Respekt entgegen- bringen. Ich habe bei der Prüfung alle Punkte erreicht! – Respekt!
B1	der Richter	Der Richter hat noch kein Urteil gesprochen.
B1	der Roman	Ich lese gern Romane.
B1	der Saal	Für unsere Familienfeier haben wir einen kleinen Saal gemietet.
B1	der Sack	1. Ich hätte gern einen Sack Kartoffeln. 2. Wo soll ich die Säcke mit dem Müll hinstellen?
B1	der Salon	Sie arbeitet als Friseurin in einem Salon.
B1	der Sand	Die Kinder spielen gern im Sand.
B1	der Schatten	Gestern hatten wir 25 Grad im Schatten.
B1	der Schauspieler	Der Film war toll. Die Schauspieler waren sehr gut.
B1	der Schein	1. Kannst du einen Schein in Kleingeld wechseln? 2. Hast du Kleingeld für den Automaten? Ich habe nur Scheine.
B1	der Schlaf	Das Kind macht jeden Tag nach dem Mittagessen einen kurzen Schlaf. 2. Genügend Schlaf ist wichtig für die Gesundheit.
B1	der Schmuck	Dieser Schmuck ist von meiner Großmutter.
B1	der Schmutz	Du hast Schmutz an deinen Schuhen.
B1	der Schnee	Im Februar gibt es oft viel Schnee.
B1	der Schnupfen	Ich habe Schnupfen. Welches Medikament empfehlen Sie?
B1	der Schreck en	Ich habe einen großen Schreck bekommen.
B1	der Schriftsteller	Kennst du diese Schriftstellerin? Ich liebe ihre Bücher.
B1	der Schritt	Die Sprachschule ist nur ein paar Schritte von hier. Du musst der Anleitung Schritt für Schritt folgen.
B1	der Schutz	Das ist ein guter Schutz gegen Kälte. 2. Alle reden heute über den Schutz der Umwelt.
B1	der Sender	Welchen Sender siehst du am liebsten? Ich höre im Radio am liebsten Sender mit moderner Musik.
B1	der Service	Rufst du beim Pizza-Service an? Ich war mit dem Service in der Werk- statt nicht zufrieden.
B1	der Serviceangestellte	Ich bin Serviceangestellte von Beruf.
B1	der Sessel	Ich hätte gern einen bequemen Sessel. || Da hinten ist noch ein Sessel frei.
B1	der Sieg	Unsere Mannschaft hat gewonnen. Wir freuen uns über den Sieg.
B1	der Sieger	Wer hat gewonnen? Wie heißt die Siegerin?
B1	der Sinn	Es hat keinen Sinn, noch ein Spiel zu beginnen. Es ist schon spät.
B1	der Sitz	Ich suche für meinen Sohn einen Sitz fürs Auto. Erst ist erst drei Jahre alt.
B1	der Ski/Schi	Gehen wir am Wochenende Ski laufen? Das sind aber schöne Skier!
B1	der Sozialarbeiter	Die Sozialarbeiterin kommt einmal in der Woche.
B1	der Spaß	Meine Arbeit macht mir viel Spaß. Viel Spaß bei der Party!
B1	der Spaziergang	Abends mache ich oft einen Spaziergang durch das Viertel.
B1	der Speisewagen	Wo ist der Speisewagen? Ich brauche eine Spezialpflege für trockenes Haar.
B1	der Spezialist	Mein Arzt hat mich zur Spezialistin geschickt.
B1	der Spiegel	Ich möchte gerne sehen, wie mein Kleid sitzt. Hast du einen Spiegel?
B1	der Spieler	Für dieses Spiel braucht man zwei bis vier Spieler. Beim Fußball gibt es elf Spieler.
B1	der Spielplatz	Die Kinder sind auf dem Spielplatz.
B1	der Sportler	Sie ist eine gute Sportlerin.
B1	der Standpunkt	Von seinem Standpunkt aus hat er recht.
B1	der Start	Bleiben Sie bitte während des Starts sitzen.
B1	der Stau	Auf der A3 gibt es wegen eines Unfalls 5 km Stau. Wir standen eine Stunde im Stau.
B1	der Staub	Ich habe überall Staub gewischt.
B1	der Stecker	Der Stecker passt nicht in diese Steckdose.
B1	der Stein	Die Kinder werfen Steine ins Wasser.
B1	der Stempel	Der Poststempel trägt das Datum von letzter Woche. Das Paket war lange un- terwegs.
B1	der Stern	Heute sieht man viele Sterne am Himmel.
B1	der Steward	Die Stewardess bringt das Mittagessen.
B1	der Stil	Ihr Stil ist sehr elegant. Das Gebäude gefällt mir. Welcher Baustil ist das?
B1	der Stoff	1. Was für ein Stoff ist das? – Wolle. 2. In manchen Farben sind giftige Stoffe.
B1	der Strafzettel	So ein Pech! Ich habe einmal falsch geparkt und sofort einen Strafzettel bekommen.
B1	der Streik	Es gab einen Streik am Flughafen. Deshalb hatte unsere Maschine Verspätung.
B1	der Streit	Ich möchte keinen Streit mit den Nachbarn.
B1	der Stress	Ich habe bei der Arbeit viel Stress.
B1	der Strom	Wie kann ich im Haushalt Strom sparen?
B1	der Strumpf	Wo sind meine roten Strümpfe?
B1	der Studierende	Zehn Studierende besuchen das Seminar.
B1	der Sturm	Im Radio haben sie Regen und Sturm angesagt.
B1	der Sänger	Wie findest du diesen Sänger? − Ich finde seine Stimme toll.
B1	der Tagesablauf	Wie ist Ihr Tagesablauf?
B1	der Tanz	Diese modernen Tänze kann ich nicht.
B1	der Teilnehmer	Die Teilnehmerinnen aus unserem Kurs kommen aus verschiedenen Ländern.
B1	der Teppich	Ich habe mir einen neuen Teppich gekauft. Habt ihr in eurer neuen Wohnung Teppich oder einen Holzfußboden?
B1	der Terminkalender	Hast du unser Treffen schon in deinen Terminkalender eingetragen?
B1	der Tierpark	Wollen wir am Samstag mit den Kindern in den Tierpark gehen?
B1	der Tod	Ich habe ihn vor seinem Tod noch einmal gesehen.
B1	der Tote	Bei dem Unfall gab es zwei Tote.
B1	der Tourismus	In dieser Gegend gibt es viel Tourismus.
B1	der Trainer	Ich finde unseren Trainer sehr nett.
B1	der Transport	Was kostet der Transport?
B1	der Treffpunkt	Unser Treffpunkt ist um 17 Uhr am Hauptbahnhof.
B1	der Turm	Kommen Sie auf den Turm, von hier sieht man die ganze Stadt.
B1	der Täter	Die Polizei hat den Täter endlich gefasst.
B1	der Umtausch	1. Ich möchte diese Bluse umtauschen. Sie passt mir nicht. 2. Wo kann ich Geld umtauschen? Ein Umtausch ist leider nicht möglich. Alte Autos sind ein Problem für die Umwelt. Das Land muss mehr Geld für Umweltschutz ausgeben.
B1	der Umweltschutz	1. Ich möchte diese Bluse umtauschen. Sie passt mir nicht. 2. Wo kann ich Geld umtauschen? Ein Umtausch ist leider nicht möglich. Alte Autos sind ein Problem für die Umwelt. Das Land muss mehr Geld für Umweltschutz ausgeben.
B1	der Unternehmer	Sie ist erfolgreiche Unternehmerin.
B1	der Verbrecher	Die Polizei hat den Verbrecher verhaftet.
B1	der Verdacht	1. Wer hat das Geld aus der Kasse genommen? – Ich weiß es nicht, aber ich habe einen Verdacht. 2. Wen haben Sie in Verdacht?
B1	der Vergleich	Ein Vergleich ist schwer möglich. 2. Im Vergleich zum Wetter letzte Woche ist es heute warm.
B1	der Verkehr	Morgens ist hier immer viel Verkehr.
B1	der Verlag	Von welchem Verlag ist dieses Buch?
B1	der Verlierer	Sie ist eine gute Verliererin.
B1	der Verlust	Der Verlust meiner Uhr ärgert mich sehr.
B1	der Versuch	In der Forschung werden viele Ver- suche gemacht. 2. Mein Versuch, etwas zu ändern, blieb ohne Erfolg.
B1	der Vertreter	Als Herr Dr. Müller in Urlaub war, bin ich zu seiner Vertreterin gegangen. 2. Die Elternvertreter treffen sich morgen Abend in der Schule.
B1	der Virus	Ich habe mal wieder einen Virus auf meinem Computer.
B1	der Vorort	Mein Bruder wohnt in einem Vorort von Hamburg. || Wir wohnen in einem Vorort von Köln.
B1	der Vorteil	Der Vorteil von dieser Wohnung ist, dass sie direkt im Zentrum liegt.
B1	der Vortrag	Ihr Vortrag war sehr interessant.
B1	der Vorwurf	Eva kann nichts dafür. Mach ihr keine Vorwürfe.
B1	der Wecker	Hast du den Wecker schon gestellt?
B1	der Wetterbericht	Hast du schon den Wetterbericht gehört?
B1	der Wirt	Ich kenne die Wirtin von diesem Lokal. Sie ist sehr nett.
B1	der Wissenschaftler	Sie ist Wissenschaftlerin an der Universität.
B1	der Wohnort	Tragen Sie bitte auch Ihren Wohnort ein. || Tragen Sie bitte Straße und Wohnort ein.
B1	der Wohnsitz	Er hat einen festen Wohnsitz in dieser Stadt.
B1	der Zeitpunkt	Er ist krank. Das ist kein guter Zeit- punkt für einen Besuch.
B1	der Zeuge	Die Polizei sucht noch Zeugen für den Unfall.
B1	Der Zimmerpreis ist	inklusive
B1	der Zivilstand CH Per-	Bei „Zivilstand“ musst du „ledig“
B1	der Zucker	Nehmen Sie Zucker in den Tee?
B1	der Zufall	1. So ein Zufall, dass ich dich hier treffe. 2. Durch Zufall habe ich gehört, dass die Wohnung frei ist.
B1	Der Zug kommt in	30 Minuten. Bis einen Kaffee trinken.
B1	der Zugang	1. Der Zugang zu diesem Haus ist schwierig. 2. Hast du Zugang zum Internet?
B1	der Zuhörer	Die Sendung hat viele Hörer und immer Hörerinnen. || Liebe Zuhörerinnen und Zuhörer, Ihre Meinung interessiert uns. Bitte rufen Sie an!
B1	der Zusammenhang	1. In diesem Zusammenhang möchte ich Sie auf zwei Bücher aufmerksam machen. 2. Was ist der Zusammenhang zwischen diesen beiden Themen?
B1	der Zuschauer	Liebe Zuschauer, wir wünschen Ihnen gute Unterhaltung.
B1	der Zuschlag	Für diesen Zug müssen Sie einen Zuschlag zahlen.
B1	der Zustand	Als wir in die Wohnung eingezogen sind, war sie in sehr schlechtem Zustand.
B1	der Zweck	Ich glaube, es hat keinen Zweck, sich zu bewerben. Der Job ist sicher schon weg.
B1	der Zweifel	1. Da ist ohne Zweifel die beste Lösung. 2. Allmählich bekomme ich Zweifel daran.
B1	der Ärger	Ich hatte heute Ärger im Büro. Ich habe mich mit einem Kollegen gestritten.
B1	der Übersetzer	Meine Tochter möchte als Übersetzerin arbeiten.
B1	der/das Schlag- Obers	Ich hätte gern ein Stück Torte mit Schlagobers.
B1	derselbe	Mein Freund und ich gehen in dieselbe Schule.
B1	deswegen	Ich habe falsch geparkt. Deswegen habe ich einen Strafzettel bekommen.
B1	dicht	Unsere Fenster sind nicht dicht. Es zieht immer.
B1	die Abbildung	Auf der Abbildung sehen Sie, wie man das Gerät einschaltet.
B1	die Absenderin	Schicken Sie das Paket an den Absender zurück.
B1	die Absicht	Entschuldigen Sie bitte. Meine Tochter hat das nicht mit Absicht gemacht. Hast du die Absicht zu studieren?
B1	die Abteilung	Meine Freundin arbeitet in der Abteilung von Frau Kaufmann.
B1	die Abwartin	Der Abwart hat mir geholfen, den Schrank in die Wohnung zu tragen.
B1	die Aktion	Die Stadt sollte eine Aktion für Familien planen.
B1	die Aktivität	In den Ferien bietet die Stadt für Kinder verschiedene Freizeitaktiv- itäten.
B1	die Alternative	Auf dieser Strecke ist der Zug eine gute Alternative zum Flugzeug.
B1	die Angabe	Wir brauchen von Ihnen folgende Angaben: Name, Adresse, Geburtsdatum.
B1	die Anlage	Meine Musikanlage ist kaputt. In der Anlage der E-Mail finden Sie meinen Lebenslauf.
B1	die Anleitung	In der Anleitung steht, dass bei diesem Spiel der Älteste beginnt.
B1	die Annonce	Ich habe alle Annoncen gelesen, aber die Wohnungen sind zu teuer.
B1	die Anwältin	Ich werde das nicht bezahlen. Ich möchte zuerst mit meinem Anwalt sprechen.
B1	die Anzahl	Die Anzahl der Teilnehmer war groß.
B1	die Aprikose	Schmecken dir die Aprikosen?
B1	die Arbeiterin	Maria ist seit zwei Jahren Arbeiterin bei Siemens.
B1	die Arbeitserlaubnis	Haben Sie eine Arbeitserlaubnis?
B1	die Arbeitslosigkeit	Die Arbeitslosigkeit ist gesunken.
B1	die Arbeitsstelle	Meine Frau hat eine neue Arbeitsstelle gefunden.
B1	die Architektin	Dieses Haus hat eine berühmte Architektin gebaut.
B1	die Art	1. Im Zoo haben sie 34 verschiedene Arten von Vögeln. 2. Seine Art gefällt mir nicht. 3. Man kann auf unterschiedliche Art und Weise ein Fest feiern.
B1	die Aufforderung	Sie erhalten eine Aufforderung, den Betrag bis Juni zu zahlen.
B1	die Aufnahme	Bitte seid leise! – Ich starte die Aufnahme.
B1	die Ausfahrt	1. Hier ist eine Ausfahrt, da dürfen Sie nicht parken. 2. Wie weit ist es noch bis zur Ausfahrt Freiburg?
B1	die Ausgabe	1. Wie hoch sind Ihre Ausgaben in einem Monat? 2. Wo ist die Essensausgabe? 3. In welchem Buch hast du das gelesen? In welcher Ausgabe?
B1	die Aushilfe	Wir suchen eine freundliche Aushilfe für unser Geschäft.
B1	die Ausländerin	Viele Ausländer und Ausländerinnen lernen in der Volkshochschule Deutsch. Die ausländischen Studenten müssen zuerst einen Deutschkurs besuchen.
B1	die Ausnahme	Normalerweise muss ich am Wochenende arbeiten. Aber heute ist eine Ausnahme.
B1	die Aussicht	1. Von diesem Turm hat man eine tolle Aussicht. 2. Mit mehreren Fremdsprachen hat man gute Aussichten im Beruf.
B1	die Aussprache	Ali hat eine gute Aussprache.
B1	die Auswahl	Wir müssen eine Auswahl aus den Büchern treffen. 2. Das Geschäft hat eine große Auswahl.
B1	die Autorin	Diese Autorin hat in diesem Jahr schon zwei Bücher geschrieben.
B1	die Badewanne	Nach einem langen Arbeitstag setzte sie sich in die Badewanne.
B1	die Bankleitzahl	Bitte geben Sie Ihre Bankleitzahl an.
B1	die Bankomat-Karte	Sie können auch mit Bankomat-Karte zahlen.
B1	die Batterie	Bringst du bitte Batterien für die Kamera mit?
B1	die Beamtin	Meine Frau ist Beamtin bei der Polizei.
B1	die Bedeutung	Das Wort „Maus“ hat inzwischen zwei Bedeutungen.
B1	die Bedienungsanleitung	Die Bedienungsanleitung verstehe ich nicht.
B1	die Bedingung	1. Wenn Sie unsere Bedingungen akzeptieren, können wir einen Vertrag machen. 2. Wir haben in unserem Betrieb sehr gute Arbeitsbedingungen.
B1	die Begründung	Die Miete wurde ohne Begründung erhöht.
B1	die Behörde	Sie erhalten ein Schreiben von der zuständigen Behörde.
B1	die Beratung	Beratungen für Familien gibt es jeden Dienstag zwischen 14 und 16 Uhr.
B1	die Beschreibung	Eine Beschreibung des Geräts liegt bei.
B1	die Beschäftigung	Ich suche eine Halbtagsbeschäftigung, weil ich ein kleines Kind habe.
B1	die Besprechung	Tut mir leid, Herr Schmidt ist noch in einer Besprechung.
B1	die Besserung	Gute Besserung!
B1	die Bestätigung	Ich brauche eine schriftliche Bestätigung für das Amt.
B1	die Betreuerin	Die Betreuerin der Kinder ist sehr nett.
B1	die Betreuung	Haben Sie eine Betreuung für Ihre Kinder?
B1	die Betriebsrätin	Der Betriebsrat wird Sie über die neuen Arbeitszeiten informieren.
B1	die Bevölkerung	11 % der Bevölkerung wurden nicht im Inland geboren.
B1	die Bewegung	Sie brauchen mehr Bewegung. Sie müssen regelmäßig spazieren gehen.
B1	die Bewohnerin	Ich kenne die anderen Hausbewohner nicht.
B1	die Beziehung	Wir haben gute Beziehungen zu unseren Nachbarn.
B1	die Biologie	Meine Freundin studiert Biologie.
B1	die Botschaft	Bitte schreiben Sie Ihren Namen auf den Antwortbogen. Ich esse gern Bohnen. An diesem See kann man Boote mieten. Das Visum habe ich von der Botschaft bekommen. Ich habe das Buch leider vergessen. Hoffentlich bist du mir nicht böse. Mach nicht so ein böses Gesicht! Ich bin böse auf dich, du bist wieder nicht gekommen! Zeig mal! Du hast dich verletzt? Das sieht aber böse aus. Das Fleisch muss zehn Minuten braten. Heute gibt’s gebratenen Fisch. Nehmen Sie noch etwas Soße zum Braten? Ich brauche ein Auto. Brauchst du die Zeitung noch? Meine Großmutter ist krank. Sie braucht viel Ruhe. Ich habe für die Renovierung eine Woche gebraucht. Sie brauchen morgen nicht zu kommen. Ich schaffe das alleine. Er hat sich beim Skifahren verletzt, sein Bein ist gebrochen. Ich habe mir im Urlaub das Bein gebrochen. Der Teppich ist zwei Meter lang und einen Meter breit. Welche Maße hat der Tisch? – Länge:1m,Breite:80cm,Höhe:1,20 m. Der Mann ist ganz plötzlich über die Straße gegangen. Ich musste stark bremsen. Du musst unbedingt die Bremsen kontrollieren lassen. In diesem Haus hat es letztes Jahr gebrannt. Die Kerze brennt noch. Mach sie bitte aus. In deinem Zimmer hat die ganze Nacht das Licht gebrannt.
B1	die Breite	Bitte schreiben Sie Ihren Namen auf den Antwortbogen. Ich esse gern Bohnen. An diesem See kann man Boote mieten. Das Visum habe ich von der Botschaft bekommen. Ich habe das Buch leider vergessen. Hoffentlich bist du mir nicht böse. Mach nicht so ein böses Gesicht! Ich bin böse auf dich, du bist wieder nicht gekommen! Zeig mal! Du hast dich verletzt? Das sieht aber böse aus. Das Fleisch muss zehn Minuten braten. Heute gibt’s gebratenen Fisch. Nehmen Sie noch etwas Soße zum Braten? Ich brauche ein Auto. Brauchst du die Zeitung noch? Meine Großmutter ist krank. Sie braucht viel Ruhe. Ich habe für die Renovierung eine Woche gebraucht. Sie brauchen morgen nicht zu kommen. Ich schaffe das alleine. Er hat sich beim Skifahren verletzt, sein Bein ist gebrochen. Ich habe mir im Urlaub das Bein gebrochen. Der Teppich ist zwei Meter lang und einen Meter breit. Welche Maße hat der Tisch? – Länge:1m,Breite:80cm,Höhe:1,20 m. Der Mann ist ganz plötzlich über die Straße gegangen. Ich musste stark bremsen. Du musst unbedingt die Bremsen kontrollieren lassen. In diesem Haus hat es letztes Jahr gebrannt. Die Kerze brennt noch. Mach sie bitte aus. In deinem Zimmer hat die ganze Nacht das Licht gebrannt.
B1	die Bremse	Bitte schreiben Sie Ihren Namen auf den Antwortbogen. Ich esse gern Bohnen. An diesem See kann man Boote mieten. Das Visum habe ich von der Botschaft bekommen. Ich habe das Buch leider vergessen. Hoffentlich bist du mir nicht böse. Mach nicht so ein böses Gesicht! Ich bin böse auf dich, du bist wieder nicht gekommen! Zeig mal! Du hast dich verletzt? Das sieht aber böse aus. Das Fleisch muss zehn Minuten braten. Heute gibt’s gebratenen Fisch. Nehmen Sie noch etwas Soße zum Braten? Ich brauche ein Auto. Brauchst du die Zeitung noch? Meine Großmutter ist krank. Sie braucht viel Ruhe. Ich habe für die Renovierung eine Woche gebraucht. Sie brauchen morgen nicht zu kommen. Ich schaffe das alleine. Er hat sich beim Skifahren verletzt, sein Bein ist gebrochen. Ich habe mir im Urlaub das Bein gebrochen. Der Teppich ist zwei Meter lang und einen Meter breit. Welche Maße hat der Tisch? – Länge:1m,Breite:80cm,Höhe:1,20 m. Der Mann ist ganz plötzlich über die Straße gegangen. Ich musste stark bremsen. Du musst unbedingt die Bremsen kontrollieren lassen. In diesem Haus hat es letztes Jahr gebrannt. Die Kerze brennt noch. Mach sie bitte aus. In deinem Zimmer hat die ganze Nacht das Licht gebrannt.
B1	die Brieftasche	Ich habe nur Kleingeld in meiner || Geldbörse.
B1	die Broschüre	In der Broschüre finden Sie die neuesten Informationen.
B1	die Brust	Ich habe Schmerzen in der Brust.
B1	die Buchhandlung	In der Buchhandlung in der Stadt haben sie das Buch sicher.
B1	die Burg	Von der Burg hat man eine schöne D
B1	die Büchse	Würden Sie Ihren Namen bitte die Couch, -s buchstabieren? die Creme, -n/-s Gibt es diesen Buchstaben auch in deiner Muttersprache? 2. Ihr Name beginnt mit K. – Buchstabe K ist in Zimmer 3. Bitte warten Sie dort. der Cousin, -s Ich habe noch eine Büchse Bohnen. die Cousine, -n
B1	die Bühne	Er steht gern auf der Bühne.
B1	die Bürgerin	Aussicht. da EU-Bürgerinnen und Bürger können überall in Europa arbeiten.
B1	die Bürste	1. Hast du eine Bürste? Meine Schuhe sind so schmutzig. 2. Ich brauche eine Bürste für meine Haare.
B1	die Chance	Mein Mann hat gute Chancen, die Stelle zu bekommen.
B1	die Chipkarte	Ich habe eine Chipkarte für diesen Automaten.
B1	die Coiffeuse	1. Du siehst toll aus! Wer ist dein Coiffeur? 2. Meine Tochter will Coiffeuse werden.
B1	die Darstellung	Ihr Buch enthält eine klare Darstellung dieser Probleme.
B1	die Daten Plural	Wir haben alle Ihre Daten im Computer.
B1	die Dauer	Sie können das Buch für die Dauer einer Woche ausleihen. Auf Dauer ist die Arbeit nicht interessant.
B1	die Decke	Im Wohnzimmer haben wir keine Lampe an der Decke. Kann ich noch eine Decke bekommen? Mir ist kalt.
B1	die Direktorin	Ich möchte gern mit dem Direktor sprechen.
B1	die Diskothek	Wir gehen heute Abend in die Disko(thek).
B1	die Diskussion	Im Fernsehen gab es eine Diskussion zum Thema „Kinderbetreuung“.
B1	die Distanz	Diese Firma transportiert Waren auch über große Distanzen.
B1	die Diät	Ich möchte abnehmen. Deshalb mache ich eine Diät.
B1	die Doktorin	1. Ist Frau Dr. Müller da? 2. Meine Tochter ist krank. Wir gehen zum Doktor.
B1	die Dose	Ich habe noch eine Dose Bohnen.
B1	die Droge	Nimmst du etwa Drogen?
B1	die Drogerie	Waschmittel bekommst du in der Drogerie.
B1	die e-card	Haben Sie Ihre e-card dabei?
B1	die ec-Karte/EC-Karte	Bezahlen Sie bar? Sie können auch mit
B1	die Ehe	Sie hat zwei Kinder aus erster Ehe.
B1	die Eile	Ich bin sehr in Eile Das hat keine Eile.
B1	die Einbahnstraße	Die Goethestraße ist jetzt eine Einbahnstraße.
B1	die Einbrecherin	Die Einbrecher haben nichts gestohlen.
B1	die Einfahrt	Da parkt wieder jemand vor unserer Einfahrt. Können Sie nicht lesen: Einfahrt freihalten!
B1	die Einführung	Leider habe ich die Einführung des Kurses verpasst.
B1	die Einnahme	Unser Geschäft läuft gut. Unsere Einnahmen waren in diesem Monat höher als im letzten.
B1	die Einrichtung	Deine Wohnung ist sehr gemütlich, die Einrichtung gefällt mir sehr gut.
B1	die Einwohnerin	Berlin hat über drei Millionen Einwohner.
B1	die Einzahlung	Sie sollten die Einzahlung pünktlich machen.
B1	die Einzelheit	Du musst mir das in allen Einzelheiten erzählen. 1. Wir waren die einzigen Gäste. 2. Das war das einzige Mal, dass ich ihn gesehen habe.
B1	die Eisenbahn	Die Kinder wünschen sich eine elektrische Eisenbahn.
B1	die Empfehlung	Ich rufe auf Empfehlung von Herrn Weber an.
B1	die Energie	1. Wir müssen Energie sparen. 2. Abends habe ich keine Energie mehr, um Sport zu machen.
B1	die Enkelin	Alle meine Enkel gehen schon zur Schule.
B1	die Entfernung	Aus dieser Entfernung ist das nicht zu erkennen.
B1	die Entlassung	Seine Entlassung aus der Firma kam überraschend.
B1	die Entscheidung	Diese wichtige Entscheidung möchte ich zuerst mit meinem Mann besprechen.
B1	die Enttäuschung	Das Endspiel war eine große Enttäuschung.
B1	die Entwicklung	Genug Schlaf ist wichtig für die Entwicklung Ihres Kindes.
B1	die Erde	1. Die Pflanzen brauchen neue Erde. 2. Mein Sohn hat das Glas auf die Erde fallen lassen.
B1	die Erfindung	Die Erfindung des Buchdrucks war sehr wichtig für die Menschen.
B1	die Erholung	Ich habe zu viel gearbeitet. Jetzt brauche ich etwas Erholung.
B1	die Erhöhung	Wir streiken für eine Lohnerhöhung.
B1	die Erinnerung	An diese Zeit habe ich viele schöne Erinnerungen.
B1	die Erklärung	Hast du schon die Steuererklärung gemacht? 2. Die Erklärung der Lehrerin ist besser als die Erklärung im Buch.
B1	die Erkältung	Du hast eine schlimme Erkältung!
B1	die Erlaubnis	Sie hätten ihn vorher um Erlaubnis bit- ten müssen.
B1	die Ernte	Ich überlege ernsthaft, ob ich in eine andere Stadt ziehen soll. Die Ernte ist dieses Jahr gut.
B1	die Ernährung	Ich finde eine gesunde Ernährung wichtig.
B1	die Erziehung	Heute kümmern sich auch viele Väter um die Erziehung der Kinder.
B1	die Erzählung	Mein Mann hat mir schon viel von der Export, -e Ihnen erzählt. Ich muss meinen Kindern abends immer eine Geschichte erzählen. extra Diese Erzählung ist sehr berühmt. Du musst sie lesen.
B1	die Eröffnung	Die Eröffnung der neuen Oper ist am 1. Juni.
B1	die Etage	Das Büro ist in der 3. Etage,
B1	die Fahrbahn	Fahren Sie bitte vorsichtig. Es sind Kühe auf der Fahrbahn.
B1	die Fantasie/Phantasie	Mein Sohn malt sehr gut. Er hat viel Fantasie.
B1	die Fasnacht CH	Dort hängt mein Kostüm für den
B1	die Ferien Pl CH	Ich habe noch drei Tage Ferien.
B1	die Fernbedienung	Hast du die Fernbedienung gesehen?
B1	die Festplatte	Mein Computer hat eine große Festplatte.
B1	die Feuerwehr	Schnell! Rufen Sie die Feuerwehr! Die Nummer ist: 112.
B1	die Figur	Lars hat eine gute Figur. Bei diesem Spiel hat jeder Spieler vier Figuren.
B1	die Fleischhauerin	Dieser Fleischhauer macht sehr gute Wurst.
B1	die Flucht	Der Einbrecher war schon auf der Flucht.
B1	die Fläche	Unsere Wohnung hat eine Wohnfläche von 100 m2.
B1	die Flöte	Diesen Hut habe ich am Flohmarkt gekauft. Sie spielt sehr schön Flöte.
B1	die Flüssigkeit	Dieses Medikament mit viel Flüssigkeit einnehmen.
B1	die Folge	Die Folgen des Unfalls waren schlimm.
B1	die Forderung	Alle Forderungen der Arbeitnehmer kann man in dieser E-Mail lesen.
B1	die Form	1. Diese Schuhe haben eine schöne Form. 2. Ich möchte für den Geburtstag einen Kuchen backen. Kannst du mir eine Backform leihen?
B1	die Forschung	Er arbeitet in der Forschung.
B1	die Fortbildung	Die Fortbildung, die ich machen will, ist sehr teuer.
B1	die Fortsetzung	Fortsetzung folgt.
B1	die Fotografie	Ich interessiere mich für Fotografie.
B1	die Freiheit	Wir wollen die Freiheit haben, unsere Meinung sagen zu können.
B1	die Fremdsprache	Ich spreche drei Fremdsprachen.
B1	die Freude	Diese Arbeit macht mir viel Freude. fühlen, fühlt, fühlte, hat gefühlt Ich sehe meine Freunde nur am Wochenende.
B1	die Freundschaft	Deine Freundschaft ist mir sehr wichtig.
B1	die Friseurin	1. Du siehst toll aus! Wer ist dein Friseur? 2. Meine Tochter will Friseurin werden. das Fundbüro, -s
B1	die Frist	Du hast eine tolle Frisur! Warst du beim Friseur? funktionieren, funktion- iert, funktionierte, Die Frist für die Anmeldung zum hat funktioniert Deutschkurs ist abgelaufen. für 1. Ich bin froh, dass alles so gut geklappt hat. 2. Frohes Fest!
B1	die Frisur	Du hast eine tolle Frisur! Warst du beim Friseur? funktionieren, funktion- iert, funktionierte, Die Frist für die Anmeldung zum hat funktioniert Deutschkurs ist abgelaufen. für 1. Ich bin froh, dass alles so gut geklappt hat. 2. Frohes Fest!
B1	die Frucht	Welche Früchte kann man essen?
B1	die Fußgängerin	Dieser Weg ist nur für Fußgänger.
B1	die Fußgängerzone	Wir treffen uns um 15 Uhr in der Fußgängerzone.
B1	die Förderung	Für das Projekt bekommen wir eine Förderung von der Stadt.
B1	die Galerie	Diese Galerie ist sehr interessant.
B1	die Garantie	Auf die Waschmaschine haben Sie ein Jahr Garantie.
B1	die Garderobe	Die Mäntel bitte an der Garderobe abgeben.
B1	die Gaststätte	Ich arbeite seit einem Monat in einer Gaststätte.
B1	die Gebrauchsanweisung	Lesen Sie bitte zuerst die Gebrauchsanweisung.
B1	die Geburt	Wir gratulieren zur Geburt eures Kindes!
B1	die Gebühr	Die Gebühr liegt bei 60 Euro.
B1	die Geduld	Bitte haben Sie etwas Geduld.
B1	die Gefahr	Betreten der Baustelle auf eigene Gefahr.
B1	die Gegend	Der Schwarzwald ist eine sehr schöne Gegend. Die Schule muss hier in der Gegend sein.
B1	die Gelegenheit	Das Fest ist eine gute Gelegenheit, unsere Freunde zu sehen.
B1	die Gemeinschaft	Rauchen ist in den Gemeinschafts-räu- men nicht erlaubt.
B1	die Generation	In diesem Haus wohnen drei Generationen zusammen.
B1	die Geschwindigkeit	Das Auto fuhr mit zu hoher Geschwindigkeit.
B1	die Geschwindigkeits-	Bitte beachten Sie die Geschwindigkeitsbeschränkungen.
B1	die Gesellschaft	1. Er will die Gesellschaft verändern. 2. Meine Frau arbeitet bei einer Versicherungsgesellschaft. 3. Ich fühle mich in großer Gesellschaft wohl.
B1	die Gewalt	Ich mag keine Filme, in denen Gewalt vorkommt. Die Tür ließ sich nur mit Gewalt öffnen.
B1	die Gewerkschaft	Die Gewerkschaft vertritt die Interessen der Arbeitnehmer.
B1	die Gewohnheit	Er hat die Gewohnheit, morgens zuerst die Post zu erledigen. Aus alter Gewohnheit treffen wir uns jeden Samstagabend.
B1	die Grafik	Die Grafik zeigt die Temperaturen im letzten Jahr. das Grundstück, -e
B1	die Gratulation	Wir lagen den ganzen Tag im Gras. die Gruppe, -n Ich gratuliere euch zur Geburt eurer Tochter. grüßen, grüßt, grüßte, hat gegrüßt Herzliche Gratulation! Sie haben gewonnen! der Gruß, ̈-e1. Diese Reparatur kostet Sie gar nichts, wir machen das gratis für Sie.
B1	die Grenze	An der Grenze musst du deinen Ausweis zeigen. gültig
B1	die Grippe	Ich habe eine Grippe und kann leider nicht kommen.
B1	die Hausfrau/der Haus-	Meine Frau ist Hausfrau und kümmert sich um die Kinder./Mein Mann ist Hausmann und kümmert sich um die Kinder.
B1	die Hausmeisterin	Der Hausmeister hat mir geholfen, den Schrank in die Wohnung zu tragen.
B1	die Haut	Haben Sie eine Creme für trockene Haut?
B1	die Heldin	1. Er spielt gern den Helden. 2. Sie ist die Heldin des Tages.
B1	die Herausforderung	Das Spiel ist eine Herausforderung.
B1	die Herkunft	Viele Leute fragen mich nach meiner Herkunft.
B1	die Hitze	Gestern war eine schreckliche Hitze!
B1	die Hoffnung	Man darf die Hoffnung nicht verlieren.
B1	die Hälfte	1. Bitte teilt euch die Schokolade. Jeder der Handel bekommt die Hälfte. 2. Die Hälfte vom Urlaub ist schon vorbei. der Händler, - 3. Was hat der Mann gesagt? Ich habe die Händlerin, -nen nur die Hälfte verstanden. das Handy, -s Die Stadt baut eine neue Sporthalle.
B1	die Höhe	1. Mein Tisch hat folgende Maße: Länge: 1,20 m, Breite: 0,60 m, Höhe: 0,80 m. 2. Wir fliegen jetzt in 6000 m Höhe.
B1	die Hörerin	Die Sendung hat viele Hörer und immer Hörerinnen.
B1	die Hütte	Wir übernachten in der Hütte auf dem Berg.
B1	die Integration	Gute Deutschkenntnisse sollen bei der Integration helfen. J
B1	die Intelligenz	Meine Kinder haben in der Schule einen Intelligenztest gemacht.
B1	die Journalistin	Meine Tochter möchte Journalistin werden.
B1	die Jugend	In meiner Jugend habe ich mich sehr für Musik interessiert.
B1	die Jugendherberge	Wo habt ihr übernachtet? – In einer Jugendherberge.
B1	die Kabine	Um zu wählen, gehen Sie bitte in diese Kabine.
B1	die Kanne	1. Das ist aber eine schöne Teekanne. – Ja, die ist aus China. 2. Bitte einen Kaffee! – Eine Tasse oder ein Kännchen?
B1	die Kantine	In unserer Kantine kann man günstig essen.
B1	die Karotte	Hasen fressen gern Karotten.
B1	die Karriere	Mein Bruder hat große Pläne. Er will Karriere machen.
B1	die Kassette	Meine Eltern besitzen noch viele Musikkassetten.
B1	die Katastrophe	Der Urlaub war eine Katastrophe. Es hat nur geregnet.
B1	die Kellnerin	Ich bin Kellnerin von Beruf.
B1	die Kerze	Für den Geburtstagstisch brauchen wir viele Blumen und Kerzen.
B1	Die Kinder haben Steine ins	Wasser
B1	die Kindheit	In meiner Kindheit war ich oft auf dem Land bei meinen Großeltern.
B1	die Kiste	Ich habe zwei Kisten Bier gekauft.
B1	die Klassenarbeit	Mein Sohn schreibt bei Klassenar- beiten immer gute Noten.
B1	die Klimaanlage	Im Sommer brauchen wir eine Klimaanlage.
B1	die Klingel	Drück bitte auf die Klingel!
B1	die Klinik	Ich muss in die Klinik, um meinen kranken Onkel zu besuchen.
B1	die Kneipe	Gehen wir noch in eine Kneipe ein Bier trinken?
B1	die Kommunikation	Die Kommunikation zwischen den Abteilungen ist gut.
B1	die Konferenz	Die Konferenz findet in Raum 19 statt.
B1	die Konfitüre	Bring bitte noch ein Glas Konfitüre mit.
B1	die Konkurrenz	1. Die Reparatur ist mir hier zu teuer. Bei der Konkurrenz bekomme ich sie für die Hälfte. 2. Es ist schwer, ein Geschäft aufzu- machen. Die Konkurrenz ist groß.
B1	die Kontrolle	An den Grenzen gibt es kaum noch Kontrollen. 2. Fahrkartenkontrolle! Bitte Ihre Fahrkarten!
B1	die Kopie	Machst du mir bitte eine Kopie?
B1	die Kraft	Für diese Arbeit braucht man viel Kraft.
B1	die Krankenkasse	Die Krankenkasse bezahlt die Medikamente.
B1	die Krankenschwester	Meine Cousine möchte gern Kranken- schwester werden.
B1	die Kreditkarte	Kann ich mit Kreditkarte zahlen?
B1	die Kriminalpolizei	Ein Nachbar von uns arbeitet bei der Kriminalpolizei.
B1	die Krise	Die Wirtschaft steckt in einer schweren Krise.
B1	die Kritik	Es gibt viel Kritik an der Politik der Regierung. 2. Dieser Film hat sehr gute Kritiken bekommen.
B1	die Kurve	Fahr bitte nicht so schnell in die Kurven. Achtung. Das Stauende ist gleich hinter einer Kurve.
B1	die Kälte	Bei dieser Kälte fahre ich nicht mit dem Fahrrad.
B1	die Käuferin	Ich habe schon einen Käufer für den alten Tisch.
B1	die Köchin	Ein Freund von mir ist Koch in einem teuren Restaurant.
B1	die Kündigung	Ich habe die Kündigung bekommen. Jetzt bin ich arbeitslos.
B1	die Künstlerin	In diesem Stadtteil wohnen viele Kün- stlerinnen. Neben uns wohnt eine Musikerin.
B1	die Küste	Unser Dorf liegt direkt an der Küste.
B1	die Lage	Wir suchen eine Wohnung an/in zentraler Lage.
B1	die Landung	Bei der Landung müssen Sie sich laufen, läuft, lief, anschnallen. ist gelaufen
B1	die Landwirtschaft	Auf dem Land arbeiten die meisten Leute in der Landwirtschaft.
B1	die Langeweile	Der Film war sehr langweilig. das Leben1. Langweilst du dich? der Lebenslauf, Es ist aus Langeweile eingeschlafen.
B1	die Lehrerin	Die Lehrerin hat heute viele Hausauf- der Lerner, - gaben gegeben. die Lernerin, -nen
B1	Die Lehrerin versucht	jedes Kind
B1	die Leistung	Meine Leistungen in der Schule sind ganz gut.
B1	die Leiterin	Wie heißt die Leiterin der Schule? das Lied, -er Ab 1. Juli übernimmt Herr Meier die Leitung der Abteilung. 2. Tut mir leid, alle Leitungen sind liefern, liefert, lieferte, hat besetzt. geliefert 3. Wir müssen eine neue Leitung legen lassen. die Lieferung, -en
B1	die Leitung	Wie heißt die Leiterin der Schule? das Lied, -er Ab 1. Juli übernimmt Herr Meier die Leitung der Abteilung. 2. Tut mir leid, alle Leitungen sind liefern, liefert, lieferte, hat besetzt. geliefert 3. Wir müssen eine neue Leitung legen lassen. die Lieferung, -en
B1	Die Leserinnen und	Leser sind mit der schreiben.
B1	die Limonade	Die Limonade ist sehr süß.
B1	die Linie	Zum Hauptbahnhof können Sie mit der Linie 8 fahren.
B1	die Lippe	Es ist sehr kalt. Meine Lippen sind ganz trocken.
B1	die Liste	Was brauchen wir für die Party? – Mach doch eine Einkaufsliste.
B1	die Literatur	Ich interessiere mich für Literatur.
B1	die Luft	Oh, hier ist aber schlechte Luft. Die Seeluft tut mir gut. Bitte mach das Fenster auf. Ich brauche frische Luft.
B1	die Lust	Ich habe keine Lust zu grillen. Hast du Lust auf einen Tee?
B1	die Länge	Mein Schreibtisch hat folgende Maße: Länge 1.20 m, Breite: 0,85 m, Höhe: das Laufwerk, -e 0,75 m.
B1	die Mahlzeit	Die Tropfen bitte immer nach den Mahlzeiten einnehmen. In Deutschland gibt es meist nur einmal am Tag eine warme Mahlzeit.
B1	die Mahnung	Wenn du die Rechnung nicht pünktlich bezahlst, bekommst du eine Mahnung.
B1	die Malerin	Wir haben die Maler im Haus. Wir lassen die Wände neu streichen. 2. Picasso ist vielleicht der bekannteste Maler der Welt.
B1	die Mappe	Mein Pass ist in dieser Mappe.
B1	die Margarine	Meine Frau isst nur Margarine und keine Butter.
B1	die Marille	Schmecken dir die Marillen?
B1	die Marke	1. Ich brauche bitte fünf Briefmarken zu 1 Euro. 2. Markenschuhe sind mir zu teuer.
B1	die Marmelade	Bring bitte noch ein Glas Marmelade mit.
B1	die Mauer	Die Kinder sind über die Mauer geklettert.
B1	die Mechanikerin	1. Das kann nur ein Mechaniker reparieren. 2. Karim ist Automechaniker. Er arbeitet bei Opel.
B1	die Medien	Umweltschutz ist in den Medien ein großes Thema.
B1	die Medizin	1. Du musst noch deine Medizin nehmen. 2. Mein Sohn will Medizin studieren.
B1	die Mehrheit	Die Mehrheit der Menschen in Deutschland besitzt ein Handy.
B1	die Mehrwertsteuer	Die Mehrwertsteuer bei diesem Produkt beträgt 20 %.
B1	die Meldung	Hast du die Meldung im Radio gehört? Es wird starken Sturm geben.
B1	die Mensa	Ich esse fast jeden Tag in der Mensa.
B1	die Methode	Weißt du eine gute Methode, um schnell gut Deutsch zu lernen?
B1	die Metropole	Berlin und Wien sind Metropolen.
B1	die Mieterin	Sie hat heute neue Mieter für die Wohnung gefunden.
B1	die Migrantin	Viele Migranten kommen aus Osteuropa.
B1	die Migration	Gestern gab es im Fernsehen eine Diskussion zum Thema Migration.
B1	die Minderheit	Frauen sind in unserer Firma in der Minderheit.
B1	die Mitarbeiterin	Unsere Firma hat sieben Mitarbeiter.
B1	die Mobilbox	Ich habe zwei Nachrichten auf meiner Mobilbox.
B1	die Mobilität	Sprachen zu lernen fördert die Mobilität.
B1	die Musik	1. Wie findest du die Musik? 2. Spanische Musik mag ich sehr. 3. Was für Musik hörst du gern?
B1	die Musikerin	Mein Bruder möchte Musiker werden.
B1	die Muttersprache	Was ist Ihre Muttersprache?
B1	die Möglichkeit	Sie wollen ans Meer? Da gibt es mehrere Möglichkeiten. Sagen Sie mir bitte möglichst bald, ob Ihnen der Termin passt. 2. Wir suchen eine Wohnung, möglichst im Erdgeschoss.
B1	die Möhre	Hasen fressen gern Möhren.
B1	die Mühe	1. Vielen Dank für Ihre Mühe. 2. Mit ein bisschen mehr Mühe können wir das schaffen.
B1	die Müllabfuhr	Die Müllabfuhr kommt zweimal pro Woche.
B1	die Mülltonne	Die Mülltonne ist voll.
B1	die Münze	Der Automat nimmt nur Münzen.
B1	Die Nachbarn sind	ziemlich neugierig.
B1	die Nachfrage	Die Nachfrage für dieses Produkt ist groß.
B1	die Nachhilfe	Der Schüler braucht Nachhilfe in Mathematik.
B1	die Nadel	Hast du eine Nadel für mich? Ich muss einen Knopf annähen.
B1	die Nase	Haben Sie Nasentropfen? Ich bin stark erkältet. nervös Es hat schrecklich geregnet. Ich bin ganz nass geworden. Geh nicht mit den nassen Schuhen ins Wohnzimmer. nett
B1	die Natur	Ich bin gern draußen in der Natur. das Netz, -e
B1	die neuen Prüfungstermine	rechtzeitig über Reise genau informieren.
B1	die Nord-/Ostsee	Unser Hotel war direkt am See. selbst Im Sommer fahren wir immer an die See. selber
B1	die Notaufnahme	Die Notaufnahme ist gleich hier links.
B1	Die nächste Führung	beginnt um liegt in Führung.
B1	die Nähe	Die Post ist ganz in der Nähe vom Bahnhof.
B1	die Oper	1. Ich mag Opern. 2. Warst du schon mal in der Oper?
B1	die Operation	Seit der Operation kann ich mein Knie nicht mehr bewegen.
B1	die Ordination	Die Ordination bleibt bis zum 7. Jänner || Frau Dr. Berger hat von 8 bis 12 Uhr || geschlossen. || Sprechstunde.
B1	die Organisation	Die Organisation des Festes war sehr gut. 2. Sind Sie Mitglied in einer Organisation?
B1	die Panne	1. Kurz vor München hatten wir eine Panne mit dem Auto. 2. Die Reise war schlecht organisiert, es gab mehrere Pannen.
B1	die Passagierin	Die Passagiere Schulz und Kaufmann sollen bitte zur Information kommen.
B1	die Patientin	Ich bin Patientin bei Dr. Hausner. Ich möchte bitte einen Termin.
B1	die Pension	Im Urlaub haben wir in einer kleinen Pension gewohnt. || Sie ist 67 und bekommt jetzt eine gute
B1	die Personalien	Mein Kollege wird Ihre Personalien aufnehmen.
B1	die Pfanne	Hast du keine größere Pfanne? Ich || Blumen auf dem Balkon. Hast du keinen größeren Topf? Ich möchte Kartoffeln kochen. →(CH:
B1	die Pflaume	Ich esse gern Pflaumen und noch lieber Pflaumenkuchen.
B1	die Pflegerin	Meine Freundin ist Pflegerin in einem Altersheim.
B1	die Pflicht	Als Autofahrer müssen Sie eine Versicherung haben. Das ist Pflicht.
B1	die Phantasie/Fantasie	Mein Sohn malt sehr gut. Er hat viel Phantasie.
B1	die Pille	Am Sonntag machen wir ein Picknick. Der Arzt hat mir neue Pillen verschrieben.
B1	die Planung	Unsere Planung für das Sommerfest steht schon lange.
B1	die Politik	Ich interessiere mich nicht für Politik.
B1	die Politikerin	Weißt du, wie dieser Politiker heißt?
B1	die Polizistin	Die Ampel war kaputt. Ein Polizist hat den Verkehr geregelt.
B1	die Praktikantin	Bei dieser Firma habe ich zwei Jahre als Praktikantin gearbeitet.
B1	die Presse	Darüber konnte sich jeder in der Presse informieren.
B1	die Produktion	Die Produktion von Käse dauert oft viele Wochen.
B1	die Professorin	Unsere Nachbarin ist Professorin an der Universität.
B1	die Profisportlerin	Mein Sohn möchte Profisportler werden.
B1	die Präsentation	Die Schülerin hat für ihre Präsentation eine gute Note bekommen.
B1	Die Prüfung war extrem	schwer.
B1	die Puppe	Unsere kleine Tochter bekommt zum Geburtstag eine Puppe.
B1	die Qualifikation	Für diese Arbeit haben Sie gute Qualifikationen.
B1	die Quittung	Brauchen Sie eine Quittung?
B1	die Radfahrerin	Achtung! Da kommt eine Radfahrerin.
B1	die Raucherin	Gibt es hier ein Zimmer für Raucher? Ich bin keine Raucherin. Ich bin Nichtraucherin.
B1	die Reaktion	Diese Reaktion ist typisch für ihn.
B1	die Realität	Das gefällt dir nicht? Aber das ist die Realität.
B1	die Recherche	Für diesen Bericht waren viele Recherchen nötig.
B1	die Rede	Der Präsident hat eine Rede gehalten.
B1	die Reform	Die Regierung plant für nächstes Jahr eine Reform. Die Steuern sollen steigen.
B1	die Regel	Im Straßenverkehr sind viele Regeln zu beachten. Wie geht dieses Spiel? Kennst du die Regeln? In der Regel geht sie um sieben Uhr aus dem Haus.
B1	die Region	In der Rhein-Main-Region sind die Mieten sehr hoch. Die Milch ist aus der Region.
B1	die Reihenfolge	Achten Sie auf die Reihenfolge der Inhaltspunkte.
B1	die Reklame	Ich möchte keine Reklame im Briefkasten.
B1	die Religion	Religion ist für manche Menschen sehr wichtig.
B1	die Rente	Sie ist 67 und bekommt jetzt eine gute
B1	die Reportage	Hast du die Reportage über Afrika gesehen?
B1	die Reporterin	Die Reporterin macht gerade ein Interview.
B1	die Reservierung	Was kostet eine Reservierung?
B1	die Rezeption/Reception	Geben Sie bitte den Schlüssel an der Rezeption ab.
B1	die Richterin	Der Richter hat noch kein Urteil gesprochen.
B1	die Richtung	Der Zug in Richtung Köln hat Verspätung. Wo ist der Bahnhof? In welche Richtung muss ich fahren?
B1	die Rolle	1. Die Schauspielerin hat ihre Rolle sehr gut gespielt. 2. Geld spielt in diesem Fall keine Rolle.
B1	die Rufnummer	Wir möchten Sie gerne anrufen. Wie ist Ihre Rufnummer?
B1	die Ruhe	1. Ruhe, bitte! 2. Lass mich jetzt endlich in Ruhe! 3. Ich brauche meine Ruhe.
B1	die Runde	1. Ich laufe jeden Tag fünf Runden im Park. 2. Wir müssen über die Probleme sprechen. Am besten mit allen in einer Runde.
B1	die Rundfahrt	Am zweiten Tag haben wir eine Rundfahrt durch den Hafen gemacht.
B1	die Rückfahrt	Ich brauche nicht viel. Ich nehme nur meinen Rucksack mit. Auf der Rückfahrt besuche ich meine Eltern.
B1	die Rückkehr	Nach meiner Rückkehr haben wir ein großes Fest gefeiert.
B1	die Rücksicht	Nehmen Sie bitte Rücksicht auf die anderen Gäste.
B1	die Saison	Urlaub in den Schulferien ist immer teurer. Das ist die Saison mit den höch- sten Preisen.
B1	die Salbe	Diese Salbe gibt es nur auf Rezept.
B1	die Schachtel	Ich hätte gern eine Schachtel Zigaretten. Meiner Mutter schenke ich eine Schachtel Pralinen.
B1	die Schauspielerin	Der Film war toll. Die Schauspieler waren sehr gut.
B1	die Scheibe	1. Fünf Scheiben Käse, bitte. 2. Die Scheiben sind ganz schmutzig. Ich muss die Fenster putzen.
B1	die Scheidung	Wann war die Scheidung?
B1	die Schlag- Sahne	Ich hätte gern ein Stück Torte mit
B1	die Schlange	Auf der Post gibt es immer eine lange (Warte-)Schlange.
B1	die Schrift	Ich kann leider deine Schrift nicht lesen.
B1	die Schriftstellerin	Kennst du diese Schriftstellerin? Ich liebe ihre Bücher.
B1	die Schularbeit	Mein Sohn schreibt bei Schularbeiten
B1	die Schuld	Es ist nicht meine Schuld, dass das nicht geklappt hat. || Ich hatte einen Unfall. Aber ich war nicht schuld.
B1	die Schulden	Jetzt habe ich alle meine Schulden bezahlt.
B1	die Schulter	Ich habe Schmerzen in der rechten Schulter.
B1	die Schwangerschaft	Sie dürfen während der Schwanger- schaft nicht rauchen. die Seife, -n
B1	die Schwierigkeit	Die Prüfung war sehr schwierig. seitdem Ich hatte große Schwierigkeiten einen Parkplatz zu bekommen.
B1	die Schüssel	Gibst du mir bitte eine Schüssel für den Salat?
B1	die Semmel	Ich möchte dieses Seminar unbedingt besuchen. Ich hole schnell ein paar Semmeln zum
B1	die Senioren	Dieser Computerkurs ist für Senioren.
B1	die Serie	Meine Tochter liebt es, im Fernsehen Serien zu schauen.
B1	die Sicherheit	Sicherheit ist für mich sehr wichtig.
B1	die Siegerin	Wer hat gewonnen? Wie heißt die Siegerin?
B1	die Socke	Im Winter brauche ich warme Socken.
B1	die Sorge	Um Ihre Zukunft brauchen Sie sich keine Sorgen zu machen.
B1	die Soße/Sauce	Gibst du mir bitte mal die Soße?
B1	die Sozialarbeiterin	Die Sozialarbeiterin kommt einmal in der Woche.
B1	die Spezialistin	Mein Arzt hat mich zur Spezialistin geschickt.
B1	die Spielerin	Für dieses Spiel braucht man zwei bis vier Spieler. Beim Fußball gibt es elf Spieler.
B1	die Sportart	Welche Sportart findest du am besten?
B1	die Sportlerin	Sie ist eine gute Sportlerin.
B1	die Spritze	Ich habe heute vom Arzt eine Spritze gegen die Schmerzen bekommen.
B1	die Spur	Fahren Sie bitte auf der linken Spur, wenn Sie schneller fahren.
B1	die Station	Sie müssen an der nächsten Station aussteigen. Meine Nachbarin liegt auf Station III.
B1	die Statistik	Die Statistik zeigt, dass jeder zweite ein Fahrrad besitzt.
B1	die Steckdose	Es gibt drei Steckdosen in diesem Zimmer.
B1	die Steuer	Wir müssen immer mehr Steuern zahlen.
B1	die Stewardess	Die Stewardess bringt das Mittagessen.
B1	die Stiege	Wo ist die Toilette? – Die Stiege hoch || und dann links. 2. Meine Oma kann nicht gut Treppen der Typ, -en steigen.
B1	die Stimme	Ich habe dich sofort an der Stimme erkannt.
B1	die Stimmung	Es war eine tolle Party. Die Stimmung war sehr gut.
B1	die Strafe	Schwarzfahren kostet 60 Euro Strafe.
B1	die Strecke	1. Sind Sie die ganze Strecke zu Fuß gegangen? 2. Auf der Strecke München – Salzburg: 8 km Stau. 3. Ich möchte nach Hamburg fahren. Können Sie mir sagen, welche Strecke am besten ist?
B1	die Studie	1. Wir führen eine Studie über Arbeits- losigkeit durch. 2. Eine aktuelle Studie zeigt, dass die Umweltverschmutzung zunimmt.
B1	die Stufe	1. Vorsicht, Stufe! 2. Die Volkshochschule bietet Sprach- kurse auf verschiedenen Stufen an.
B1	die Störung	Entschuldigen Sie bitte die Störung.
B1	Die suchen Fachleute	für dieses
B1	die Sucht	Die Sucht nach Medikamenten nimmt zu. Er kämpft gegen seine Alkoholsucht. Das Internet kann zur Sucht werden.
B1	die Summe	Die Summe scheint mir zu hoch!
B1	die Szene	In dieser Szene des Films stirbt der Held. Ich kenne mich in der Szene nicht aus. Ich bin zu alt. Bitte mach keine Szene!
B1	die Sängerin	Wie findest du diesen Sänger? − Ich finde seine Stimme toll.
B1	die Tabelle	Tragen Sie die richtige Information in die Tabelle ein.
B1	die Tankstelle	Wo ist die nächste Tankstelle?
B1	die Tante	Die Familie meiner Mutter ist sehr groß, daher habe ich viele Tanten.
B1	Die Tasche ist ein	Geschenk von
B1	die Tastatur	Die Tastatur an meinem Computer ist ganz neu.
B1	die Taste	1. An der Fernbedienung ist eine Taste kaputt. 2. Du musst jetzt die Stopp-Taste drücken.
B1	die Tat	Dieser Mensch hat mit vielen guten Taten geholfen.
B1	die Tatsache	Das widerspricht den Tatsachen.
B1	die Technik	Ich verstehe nicht viel von Technik. Um die Aufgaben zu lösen, brauchst du eine gute Arbeitstechnik.
B1	die Technologie	Große Fortschritte gab es in der Technologie.
B1	die Teilnahme	Die Teilnahme am Gewinnspiel ist kostenlos.
B1	die Teilnehmerin	Die Teilnehmerinnen aus unserem Kurs kommen aus verschiedenen Ländern.
B1	die Teilzeit	Ich arbeite im Moment nur Teilzeit.
B1	die Temperatur	Die Temperaturen steigen heute um 10 Grad.
B1	die Terrasse	Setzen wir uns auf die Terrasse!
B1	die Theorie	Das ist die Theorie. In der Praxis ist vieles ganz anders.
B1	die Therapie	Die Therapie hat geholfen. Es geht mir schon viel besser.
B1	die Tradition	Eine große Hochzeit mit vielen Leuten ist bei uns Tradition.
B1	die Trainerin	Ich finde unseren Trainer sehr nett.
B1	die Trennung	Die Trennung von der Familie war schwierig. 2. Meine Kollegin ist noch nicht geschieden, aber sie lebt in Trennung.
B1	die Tropfen	1. Hast du die Tropfen schon genommen? über 2. Wegen der paar Regentropfen brauchst du doch keinen Schirm.
B1	die Träne	Sie trocknet dem Kind die Tränen. Wie willst du die Möbel denn transportieren?
B1	die Täterin	Die Polizei hat den Täter endlich gefasst.
B1	die Tätigkeit	Welche Tätigkeit würde Ihnen Spaß machen?
B1	die U-Bahn	Die letzte U-Bahn geht um 23.15 Uhr.
B1	die Umfrage	Wir machen eine Umfrage zum Thema Umweltschutz.
B1	die Umgebung	In der Umgebung von Berlin kann man schöne Ausflüge machen.
B1	die Umleitung	Es gibt wegen des Unfalls eine Umleitung.
B1	die Umwelt	1. Ich möchte diese Bluse umtauschen. Sie passt mir nicht. 2. Wo kann ich Geld umtauschen? Ein Umtausch ist leider nicht möglich. Alte Autos sind ein Problem für die Umwelt. Das Land muss mehr Geld für Umweltschutz ausgeben.
B1	die Umweltver-	Die Umweltverschmutzung nimmt weiter zu.
B1	die Uniform	In der Schule, die sie besucht, trägt man Uniformen.
B1	die Unterhaltung	Wir wünschen Ihnen gute Unterhaltung.
B1	die Unterlagen	Ich schicke Ihnen alle Unterlagen mit der Post zu.
B1	die Unternehmerin	Sie ist erfolgreiche Unternehmerin.
B1	die Unterstützung	Ich nehme Ihre Unterstützung gern an.
B1	die Untersuchung	Ich habe morgen eine Untersuchung im Krankenhaus.
B1	die Urkunde	Wenn wir das Spiel gewinnen, bekommen wir eine Urkunde.
B1	die Ursache	1. Kennt man schon die Unfallursache? 2. Vielen Dank! – Keine Ursache!
B1	die Vase	Hast du eine Vase für die Blumen?
B1	die Verabredung	Ich habe um 15 Uhr eine Verabredung mit Klaus.
B1	die Veranstaltung	Am Samstag ist unser Lokal geschlos- sen. Wir haben eine Veranstaltung.
B1	die Verantwortung	Sie tragen die Verantwortung für Ihre Kinder.
B1	die Verbindung	Die Verbindung ist sehr gut. Ich kann direkt mit diesem Zug fahren und muss nicht umsteigen. 2. Kannst du bitte lauter sprechen? Die Verbindung ist sehr schlecht.
B1	die Verbrecherin	Die Polizei hat den Verbrecher verhaftet.
B1	die Vergangenheit	In der Vergangenheit war das anders.
B1	die Verkäuferin	Die Verkäuferin wird Ihnen gleich helfen.
B1	die Verletzung	Keine Angst. Die Verletzung ist nicht so schlimm.
B1	die Verliererin	Sie ist eine gute Verliererin.
B1	die Vermietung	Mit der Vermietung von Wohnungen kann man viel Geld verdienen.
B1	die Vermittlung	1. Du suchst ein Zimmer? Dann frag bei der Vermittlung am Bahnhof nach. 2. Rufen Sie die Vermittlung an und fragen Sie nach der Telefonnummer von Herrn Fischer.
B1	die Versammlung	Der Minister hielt bei der Versamm- lung eine Rede.
B1	die Versichertenkarte	Haben Sie Ihre Versichertenkarte dabei?
B1	die Versicherung	Sie sollten eine Versicherung für Ihr Gepäck abschließen. 2. Sie müssen den Unfall der Ver- sicherung melden.
B1	die Vertreterin	Als Herr Dr. Müller in Urlaub war, bin ich zu seiner Vertreterin gegangen. 2. Die Elternvertreter treffen sich morgen Abend in der Schule.
B1	die Vertretung	Herr Dr. Meyer macht für mich die Vertretung.
B1	die Verwaltung	Sprechen Sie bitte mit der Verwaltung. Die können Ihnen helfen.
B1	die Visitenkarte	Darf ich Ihnen meine Visitenkarte geben?
B1	die Vollzeit	Ich möchte gerne Vollzeit arbeiten.
B1	die Voraussetzung	1. Gesunde Ernährung ist die Vorausset- zung für ein langes Leben. 2. Er will die Arbeit nur unter der Voraussetzung annehmen, dass ihm die Firma eine Wohnung organisiert.
B1	die Vorbereitung	Nächste Woche beginnen wir mit der Vorbereitung für die Prüfung.
B1	die Vorfahrt	Achtung! Das Auto rechts hat Vorfahrt!
B1	die Vorschrift	Beachten Sie bitte die Vorschriften für das Benutzen der Bibliothek.
B1	die Vorstellung	Wann läuft der Film? – Die nächste Vorstellung ist um 15 Uhr.
B1	die Wahl	Sie haben die Wahl: mit Vollpension oder Halbpension? 2. Die nächste Wahl ist im Herbst.
B1	die Wahrheit	Sag mir bitte die Wahrheit. Hast du wieder geraucht?
B1	die Wand	1. Ich stelle das Regal rechts an die Wand. 2. Die Wände sind hier sehr dünn. Man hört alles.
B1	die Wanderung	Wir haben in den Ferien eine schöne Wanderung gemacht.
B1	die Ware	Wir liefern Ihnen die Ware direkt ins Haus.
B1	die Weiterbildung	Ich möchte eine Weiterbildung machen. wertlos 1. Welcher Tag ist heute? 2. Welchen Kurs hast du gemacht? wertvoll 1. Überall auf der Welt gibt es Probleme. 2. Ich habe die besten Eltern der Welt. weshalb
B1	die Wettervorhersage	Die Wettervorhersage für morgen: trocken und sonnig.
B1	die Wiederholung	Eine Wiederholung der Prüfung ist möglich.
B1	die Wiese	Vor unserem Haus ist eine Wiese mit Bäumen.
B1	die Wirklichkeit	Das Buch beschreibt die Wirklichkeit um 1900 sehr gut. 2. Man sagte mir, das Buch kostet nur 9 Euro. In Wirklichkeit kostet es 14 Euro.
B1	die Wirkung	Welche Wirkungen hat dieses Medika- ment? Muss ich vorsichtig sein?
B1	die Wirtin	Ich kenne die Wirtin von diesem Lokal. Sie ist sehr nett.
B1	die Wirtschaft	In der Schule lernen die Kinder viel über Wirtschaft und Politik.
B1	die Wissenschaft	Vertreter von Kunst und Wissenschaft treffen sich heute in Berlin.
B1	die Wolle	Dieser Pullover ist aus reiner Wolle.
B1	die Wunde	Die Wunde müssen wir sofort verbinden.
B1	die Wärme	Wärme ist gut gegen meine Schmerzen.
B1	die Zahlung	Bitte geben Sie bei der Zahlung die Rechnungsnummer an.
B1	die Zahnbürste	Ich brauche eine neue Zahnbürste. dabei
B1	die Zahncreme/-pasta	Die neue Zahncreme riecht sehr gut.
B1	die Zange	Um das Fahrrad zu reparieren, brauchst du eine Zange.
B1	die Zeichnung	Das ist eine schöne Zeichnung.
B1	die Zeile	Das Wort steht in der fünften Zeile von oben.
B1	die Zeugin	Die Polizei sucht noch Zeugen für den Unfall.
B1	die Zinsen nur	Wie viele Zinsen bekomme ich für mein Sparkonto?
B1	die Zone	Hier können wir nicht fahren. Das ist eine Fußgängerzone.
B1	die Zuhörerin	Liebe Zuhörerinnen und Zuhörer, Ihre Meinung interessiert uns. Bitte rufen Sie an!
B1	die Zukunft	1. Du musst mehr für die Schule lernen. Denk an die Zukunft. 2. In Zukunft werde ich vorsichtiger sein.
B1	die Zusammenarbeit	Sie sind der neue Kollege? Auf gute Zusammenarbeit!
B1	die Zuschauerin	Liebe Zuschauer, wir wünschen Ihnen gute Unterhaltung.
B1	die Zustimmung	Wir brauchen Ihre Zustimmung, um Ihnen Werbung zu schicken.
B1	die Zutaten	Welche Zutaten braucht man für diesen Kuchen?
B1	die Zweitsprache	Deutsch ist seine Zweitsprache.
B1	die Zwiebel	Eine Zwiebel in kleine Stücke schneiden und zusammen mit dem Fleisch braten.
B1	die Zünder A	Ich hätte gern eine Schachtel Zünder.
B1	die Änderung	Es gibt eine Programmänderung.
B1	die Ärztin	1. Ich muss heute zum Arzt. 2. Wann warst du beim Zahnarzt?
B1	die Öffentlichkeit	Von solchen Dingen erfährt die Öffentlichkeit nur selten. 2. Ich möchte in der Öffentlichkeit nicht streiten.
B1	die Übernachtung	In diesem Hotel kostet die Übernach- tung mit Frühstück 90 Euro.
B1	die Überraschung	Ich habe eine Überraschung für dich. Das ist ja eine Überraschung. Ich dachte, du bist im Urlaub.
B1	die Überschrift	Der Artikel erschien unter der folgen- den Überschrift: „...“ Die Überschrift passt überhaupt nicht zum Inhalt des Artikels.
B1	die Übersetzerin	Meine Tochter möchte als Übersetzerin arbeiten.
B1	die Übersetzung	Die Übersetzung des Buches ist sehr gut.
B1	die Überstunde	Ich muss heute Überstunden machen.
B1	die Überweisung	Sie können bar oder per Überweisung bezahlen. Der Hausarzt hat mir eine Über- weisung fürs Krankenhaus gegeben.
B1	die Überzeugung	1. Ihr Vorschlag überzeugt mich gar nicht. 2. Ich bin fest davon überzeugt, dass meine Entscheidung richtig ist. Wie bist du zu dieser Überzeugung gekommen?
B1	die/das Glace/Glacé	Zum Dessert gibt es Schokoladenglace.
B1	dienen	1. Solche Kontakte dienen der Verbesserung der internationalen Beziehungen. 2. Dieser Raum dient als Aufenthaltsraum. 3. Er hat der Firma viele Jahre lang gedient.
B1	Diese alten Geldscheine sind	heute
B1	Diese Fahrkarte gilt	nur innerhalb der Sie sich ummelden.
B1	Diese Übung war	sehr schwer. oft Auto. Mir fehlt die
B1	diesmal	Die letzten Spiele haben wir verloren. Diesmal haben wir zum Glück gewonnen.
B1	digital	Ich habe eine Digitaluhr gekauft. Die geht genauer als meine alte Uhr.
B1	donnern	1. Hörst du es donnern? Das Gewitter kommt näher. 2. Der Lkw donnert über die Landstraße.
B1	Doppel-	Wir hätten gern ein Doppelbett. 2. Wollen Sie ein Doppelzimmer oder ein Einzelzimmer?
B1	doppelt	Das Buch habe ich doppelt.
B1	dorthin	Deine Tasche kannst du dorthin stellen.
B1	drehen	Drehen Sie zum Einschalten den Schalter nach rechts. Die Kinder drehen sich zur Musik im Kreis. Bei Familie Huber dreht sich jetzt alles um das Baby.
B1	Du kannst die Datei	öffnen, indem du
B1	durcheinander	Alle meine Sachen sind durcheinander. Ich finde nichts mehr. Bitte redet nicht alle durcheinander. Sonst verstehe ich nichts.
B1	durchschnittlich	Die Preise sind im letzten Jahr um durchschnittlich 6 % gestiegen.
B1	durstig	Du bist sicher durstig. Was möchtest du trinken?
B1	duzen	Wollen wir Du zueinander sagen? Ja, wir können uns gern duzen?
B1	eben	Ich bin eben erst angekommen. Ich gebe auf. Ich habe eben kein Glück!
B1	ebenfalls	Ich wünsche Ihnen ein schönes Wochenende. – Danke, ebenfalls.
B1	ebenso	Schöne Feiertage. – Danke, ebenso.
B1	Eck	Das bekommen Sie im Kiosk an der Ecke. Wo ist die Apotheke? − Gleich um die Ecke. Das Regal stellen wir hier ins Eck.
B1	eckig	Ich möchte einen eckigen Tisch, keinen runden.
B1	eher	Ich stehe meist eher auf als mein Mann. Michael sieht gerne Serien, ich mag eher Krimis.
B1	ehrlich	Sie ist ein ehrlicher Mensch. Bitte sei in dieser Sache ehrlich. Die Pause haben wir uns ehrlich verdient.
B1	eigentlich	Wir wollten eigentlich Freunde besuchen, aber dann sind wir doch zu Hause geblieben. Die Sängerin nennt sich Arabella. Aber eigentlich heißt sie Uschi Müller. Was willst du eigentlich von mir?
B1	eilen	Es eilt sehr. Bitte machen Sie schnell.
B1	ein bisschen	Wenn Sie ein bisschen warten, können wir zusammen gehen. Möchten Sie noch ein bisschen Reis? Können Sie bitte ein bisschen lauter sprechen? Sprechen Sie Englisch? – Ein bisschen.
B1	einbrechen	Jemand ist in unsere Wohnung eingebrochen.
B1	eindeutig	Das Ergebnis ist eindeutig. Du hast gewonnen. Du kannst eindeutig besser kochen als ich.
B1	einerseits	Einerseits möchte ich die Reise gern machen, andererseits ist sie zu teuer.
B1	einfallen	Mir ist wieder eingefallen, wie das Buch heißt.
B1	einfügen	Markieren Sie zuerst die Zeilen, dann „kopieren“ drücken und dann einfügen.
B1	einführen	1. Dürfen wir diese Ware ins Land einführen? 2. Wir haben letztes Jahr ein neues System eingeführt.
B1	einheitlich	Die Schüler dieser Schule tragen einheitliche Kleidung.
B1	einnehmen	Wie muss ich die Tropfen einnehmen?
B1	einrichten	1. Ich habe meine Wohnung selbst eingerichtet. 2. Wenn Sie Fragen haben, rufen Sie uns an. Wir haben eine extra Telefon-num- mer eingerichtet.
B1	einsam	Ohne meine Familie fühle ich mich ein bisschen einsam.
B1	einschalten	Können Sie bitte die Heizung einschalten?
B1	einschließlich	Alles zusammen kostet 200 Euro einschließlich Fahrtkosten.
B1	einsetzen	1. Ich glaube, wir müssen jemanden einsetzen, der sich um die Organisation kümmert. 2. Peter hat sich dafür eingesetzt, dass ich den Job bekomme.
B1	einstellen	1. Die Firma wird in diesem Jahr drei neue Leute einstellen. 2. Das Gerät ist nicht richtig eingestellt.
B1	eintragen	Tragen Sie sich bitte in die Liste ein.
B1	eintreten	Letztes Jahr bin ich in einen Sportverein eingetreten.
B1	einzahlen	Ich habe gestern Geld auf mein Bankkonto eingezahlt.
B1	einzeln	1. Dieses Mineralwasser gibt es nur als Sechserpack, nicht einzeln. 2. Die Schüler mussten einzeln zum Schu- larzt kommen.
B1	elegant	Ich finde dein Kleid sehr elegant.
B1	elektrisch	Wir kochen nicht mit Gas, sondern elektrisch.
B1	Elektro-	z.B. Elektrogeschäft, Elektroingenieur, Elektroherd
B1	elektronisch	Wir sollten die Daten elektronisch bearbeiten, sonst dauert es zu lange.
B1	empfangen	1. Wir können mit unserem Fernseher über 30 Programme empfangen. 2. Die Gäste wurden sehr herzlich empfangen.
B1	endgültig	Damit ist das Problem endgültig gelöst. 2. Der endgültige Termin steht noch nicht fest. 3. Das Ergebnis ist noch nicht endgültig.
B1	entdecken	Ich habe in deinem Brief noch ein paar Fehler entdeckt.
B1	entfernen	1. Der Müll muss dringend entfernt werden. 2. Das Hotel liegt etwa 100 m vom Strand entfernt.
B1	entgegenkommen	1. Auf dem Weg nach Hause ist mir mein Nachbar entgegengekommen. 2. Können Sie mir mit dem Preis entgegenkommen?
B1	enthalten	1. Diese Schokolade enthält nur sehr wenig Zucker. 2. Ist die Änderung im Preis enthalten?
B1	entlang	Gehen Sie diese Straße entlang. Dann kommen Sie direkt zum Bahnhof.
B1	entlassen	1. Die Operation ist gut gelaufen. Wir können Sie nächste Woche aus dem Krankenhaus entlassen. 2. Die Firma hat viele Mitarbeiter entlassen.
B1	entscheiden	1. Das kann ich nicht allein entscheiden, da muss ich erst fragen. 2. Für welchen Anzug haben Sie sich entschieden?
B1	entschlossen	Ich bin fest entschlossen, diese Ausbildung fertigzumachen.
B1	entsorgen	Wie kann ich meine alte Kaffeemaschine entsorgen?
B1	entspannend	Der Urlaub war sehr entspannend.
B1	entstehen	1. Hier entsteht ein neues Einkaufs- zentrum. 2. Andere Kosten entstehen nicht.
B1	enttäuschen	1. Leider hat mich sein Verhalten enttäuscht. 2. Wir waren von dem Konzert sehr enttäuscht. 3. Das Ergebnis war enttäuschend.
B1	entweder oder	Nur einer kann gewinnen, entweder du oder ich.
B1	entwickeln	1. Unser Sohn entwickelt sich gut in der Schule. 2. Die Firma hat ein neues Produkt entwickelt.
B1	erfahren	Wann erfahren wir das Ergebnis der Prüfung?
B1	erfinden	Das Rad wurde vor ca. 6000 Jahren er- funden.
B1	erfolgreich	Mein Großvater war ein erfolgreicher Geschäftsmann.
B1	erforderlich	1. Hier ist die Liste der erforderlichen Zu- taten für den Kuchen. 2. Es ist erforderlich, dass man den Pass persönlich abholt.
B1	erfordern	Dieser Job erfordert viel Kraft.
B1	erfüllen	1. Sie müssen den Vertrag in allen Punkten erfüllen. 2. Wir erfüllen Ihnen jeden Wunsch.
B1	ergänzen	Ergänzen Sie bitte die fehlenden Angaben.
B1	erhalten	Ihr Schreiben vom 3. Januar haben wir erhalten.
B1	erhöhen	1. Die Regierung wird sicher bald wieder die Steuern erhöhen.
B1	erinnern	1. Bitte, erinnern Sie mich noch einmal an den Termin 2. Ich erinnere mich noch genau an Francescos Vater.
B1	erkennen	1. Ich habe Roberto gleich an seiner Stimme erkannt. 2. Auf dem Foto kann man kaum etwas erkennen. 3. Ich habe erkannt, dass es ein Fehler war, den Kurs nicht fertigzumachen.
B1	erkältet	Ich bin stark erkältet.
B1	erleben	In unserem Urlaub haben wir viel Schönes erlebt.
B1	erledigen	Diese zwei Pakete müssen zur Post. Könntest du das für mich erledigen?
B1	erleichtern	1. Ich bin erleichtert, dass alles so gut geklappt hat. 2. Das Internet erleichtert mir die Arbeit sehr.
B1	ernst	Der starke Verkehr ist ein ernstes Problem.
B1	ernsthaft	Ich überlege ernsthaft, ob ich in eine andere Stadt ziehen soll. Die Ernte ist dieses Jahr gut.
B1	ernähren	1. Wie ernähre ich mich richtig? 2. Meine Eltern müssen beide arbeiten, um die Familie zu ernähren.
B1	erschrecken	1. Du hast richtig krank ausgesehen. Ich war ganz erschrocken. 2. Hast du mich aber erschreckt! 3. Entschuldigung. Ich wollte Sie nicht er- schrecken.
B1	erschöpft	Nach dem Sport bin ich immer sehr er- schöpft.
B1	ersetzen	1. Wir ersetzen Ihnen die Kosten. 2. Peter ist krank. Jemand muss ihn ersetzen.
B1	erst-	Ich war zum ersten Mal allein im Urlaub. Ich wohne im ersten Stock. An erster Stelle kommt die Schule. etwas Erstellen Sie bitte eine Liste mit allen Informationen, die Sie brauchen.
B1	erwachsen	Die Kinder sind schon fast erwachsen. Wir haben zwei erwachsene Töchter.
B1	erwarten	Ich erwarte einen Anruf aus Berlin. ewig Frau Müller erwartet ein Kind. Wir hatten nichts anderes erwartet. Ich kann es gar nicht erwarten, euch der Experte, -n wieder zu sehen.
B1	erziehen	Kinder zu erziehen ist nicht leicht. extrem
B1	eröffnen	1. Mein Nachbar hat letzten Monat ein Geschäft eröffnet. 2. Ich möchte ein Konto eröffnen.
B1	Es ist Zeit für eine	kleine Jause.
B1	etwa	Von hier sind es etwa zwanzig die Fähre, -n Kilometer.
B1	Fahrrad CH Velo	zur Arbeit. Am Sonntag fahren wir oft Rad.
B1	fair	Ich finde, unsere Mannschaft hat sehr fair gespielt.
B1	falls	Falls es regnet, machen wir kein Picknick.
B1	fangen	Das Kind hat den Ball gefangen. Unsere Katze hat eine Maus gefangen.
B1	farbig	Ich brauche kein weißes, sondern farbiges Papier.
B1	Fasching D Karneval	Fasnachtsumzug.
B1	fassen	1. Sie haben den Dieb gefasst. 2. Ich habe den Entschluss gefasst, nach Wien zu ziehen.
B1	faulenzen	Am Wochenende können wir faulenzen.
B1	fentlicht	
B1	festhalten	Halt dich gut fest. Halt die Flasche gut fest.
B1	festlegen	Ich weiß noch nicht, ob ich das mache. Ich möchte mich noch nicht festlegen. Habt ihr den Hochzeitstermin schon festgelegt?
B1	festnehmen nimmt fest	Die Polizei hat einen Mann festgenommen.
B1	festsetzen	Die Schule hat den Termin für die Prüfung festgesetzt.
B1	feststehen	Der Termin steht seit Langem fest.
B1	feststellen	Er hat festgestellt, dass der Absender des Briefes falsch war. Der Arzt hat mich untersucht, konnte aber nichts feststellen.
B1	feucht	Die Wäsche ist noch feucht. Es ist heute feucht draußen.
B1	finanziell	Finanziell geht es meinem Neffen jetzt besser.
B1	finanzieren	Ich weiß nicht, wie ich das Auto finanzieren soll.
B1	flach	Für die Arbeit brauche ich flache Schuhe. An dieser Stelle ist der See sehr flach.
B1	flexibel	Meine Arbeitszeit ist flexibel.
B1	fliehen	Der Einbrecher ist sofort geflohen.
B1	fließen	Dieser Fluss fließt in die Nordsee.
B1	fließend	Mein Kollege spricht fließend Deutsch. 2. Zimmer mit fließendem Wasser.
B1	folgen	1. Es folgen die Nachrichten. 2. Folgen Sie der Reiseleiterin.
B1	folgend	Mehr Informationen auf den folgenden Seiten. 2. Das Geschäft hat folgende Angebote: ...
B1	fordern	Die Arbeitnehmer fordern mehr Geld.
B1	fortsetzen	Wir setzen die Behandlung am nächsten Donnerstag um 11 Uhr fort.
B1	frech	Du darfst in der Schule nicht so frech sein.
B1	fröhlich	Die Musik klingt fröhlich. 2. Sie ist ein fröhlicher Mensch.
B1	Früchte CH	Früchte kaufe ich am liebsten auf dem
B1	fuhr ab	
B1	fällig	Die Rechnung ist Énde des Monats fällig.
B1	fördern	Die Stadt fördert viele Sportprojekte.
B1	Für Gruppen gibt	es eine Ermäßigung.
B1	Für meinen Computer	habe ich mir ein gekauft.
B1	füttern	Es ist im Zoo nicht erlaubt, die Tiere zu füttern.
B1	Gang D Flur	
B1	gar	Die Kartoffeln sind noch nicht gar. Du räumst nie dein Zimmer auf. – Das ist gar nicht wahr.
B1	garantieren	Ich kann Ihnen nicht garantieren, dass das Gerät nächste Woche fertig ist.
B1	Geben Sie den Inhalt	der Packung in Wasser.
B1	geboren werden	Wann und wo sind Sie geboren?
B1	gebrauchen	Wir können diese Möbel gut gebrauchen. Ich habe den Wagen gebraucht gekauft. Ich suche eine gebrauchte Waschmaschine.
B1	geehrt	Sehr geehrte Damen und Herren, ...
B1	geeignet	Dieses Spiel ist nicht für Kinder unter drei Jahren geeignet.
B1	geheim	Das ist geheim. Du darfst es niemandem sagen.
B1	gehen/sein	Pension.
B1	gehen/sein D in Rente	sioniert.
B1	Geldautomat	IchholenochGeldvomGeldautomaten.
B1	gelingen	Es ist mir gelungen, meinen Chef zu überzeugen.
B1	gelten	1. Mein Pass gilt noch ein Jahr. 2. Bitte diesen Zettel gut aufheben: Er gilt als Garantie.
B1	gemeinsam	1. Du musst die Wohnung renovieren? Ich helfe dir. Wir können das gemeinsam machen. 2. Wir benutzen die Garage gemeinsam mit dem Nachbarn.
B1	gemütlich	1. Wir haben eine sehr gemütliche Wohnung. 2. Es ist sehr gemütlich bei dir.
B1	genauso	Katarina sieht genauso aus wie ihre Schwester.
B1	genehmigen	Mein Chef hat mir sechs Wochen Urlaub genehmigt.
B1	genießen	1. Er kann das Essen leider nicht genießen, weil es zu scharf ist. 2. Sie hat eine gute Ausbildung genossen.
B1	genügen	Wie viele Zimmer brauchen Sie? – Mir genügt eine 2-Zimmer-Wohnung.
B1	gerecht	Lass uns den Kuchen gerecht verteilen.
B1	gering	1. Unsere Mannschaft hatte nur eine geringe Chance. 2. Wenn Sie ein geringes Einkommen haben, zahlen Sie nur wenig Steuern.
B1	gern/gerne	1. Ich helfe Ihnen gern. 2. Kaffee oder Tee? – Ich möchte lieber einen Tee. 3. Am liebsten trinke ich Kaffee.
B1	gesamt-/Gesamt-	1. Ich habe meine gesamten Bücher verschenkt. 2. z. B. Gesamtgewicht, Gesamtsumme
B1	geschehen	Vielen Dank für Ihre Hilfe. – Gern geschehen.
B1	geschieden	Ich bin seit drei Jahren geschieden. || Meine Kollegin ist geschieden.
B1	gespannt	Ich bin gespannt, wer bei diesem Spiel gewinnt.
B1	Gestern hat ein	Autofahrer einen Hund
B1	getrennt leben	Ich lebe getrennt von meiner Frau.
B1	gewohnt	Ich bin gewohnt, früh ins Bett zu gehen.
B1	gewöhnen	Wir haben uns an das Leben hier gewöhnt. Ich bin daran gewöhnt, früh aufzustehen.
B1	gewöhnlich	Um die Zeit ist er gewöhnlich zu Hause.
B1	gießen	Es hat nicht geregnet. Ich muss meine Blumen gießen.
B1	giftig	Vorsicht, das ist giftig!
B1	Glace/Glacé	
B1	glatt	Fahr vorsichtig! Es ist glatt.
B1	gleichberechtigt	Mann und Frau sind gleichberechtigt.
B1	gleichfalls	Schöne Feiertage! – Danke, gleichfalls.
B1	gleichzeitig	Ich kann nicht alles gleichzeitig machen.
B1	Golf	Kannst du Golf spielen?
B1	greifen	Greifen Sie doch zu! gucken, guckt, guckte, hat geguckt
B1	grillieren	Heute wollen wir im Garten grillieren. gut
B1	Groß-	z.B. die Großeltern, die Großmutter, der Großvater H
B1	gründen	Frau Bauer hat eine eigene Firma haben, hat, hatte, gegründet. hat gehabt
B1	hageln	Bei Gewitter kann es auch hageln. die Haltestelle, -n
B1	halbtags	Ich habe ein kleines Kind und kann nicht acht Stunden am Tag arbeiten. Deshalb möchte ich halbtags arbeiten.
B1	halt	Es gibt leider keine Karten mehr. – Schade. Da kann man nichts machen. Das ist halt so.
B1	haltbar	Diese Tomaten sind mindestens hassen, hasst, hasste, 2 Wochen haltbar. hat gehasst
B1	Hans will Bauingenieur	werden.
B1	Hast du einen Führerausweis	
B1	Hast du einen Führerschein	halben Jahr den
B1	heben	1. Kannst du mir helfen? Das Paket kann ich allein nicht heben. 2. Wenn Sie für diesen Vorschlag sind, heben Sie bitte die Hand!
B1	heim	Ich will jetzt heim. || Meine Oma wohnt in einem Seniorenheim.
B1	heimlich	Gestern habe ich gehört, dass mein Sohn heimlich raucht.
B1	heizen	1. Wir heizen mit Öl. 2. Ziehen Sie sich warm an. In der Halle ist nicht geheizt.
B1	her/her-	1. Wir haben uns lange nicht gesehen. – Ja, das ist wirklich lange her. 2. Komm her zu mir!
B1	heraus-	Hast du schon rausgefunden, wann und wo man sich für den Kurs anmelden muss?
B1	herein-	Kommt doch herein!
B1	Herr Müller kommt	gleich zurück. Sie in seinem Büro
B1	herunter-	Ich habe mir Musik aus dem Internet (he)runtergeladen.
B1	herunter- fahren	Zum Schluss musst du den Computer herunterfahren.
B1	Heute geht es	mir besser, aber gestern schlechte Laune.
B1	heutig-	Die heutigen Computer können viel mehr als noch vor ein paar Jahren.
B1	Hier dürfen Lkws	nicht überholen.
B1	Hier gibt es keine	Seife.
B1	hier/hier-	1. Hier wohne ich. 2. Von hier hat man eine herrliche Aussicht. 3. Hier sind die Schlüssel für meine Woh- nung. Kannst Du meine Blumen gießen? 4. Hier ist Pamela Linke. Bitte hinterlassen Sie eine Nachricht.
B1	hierher	Ich komme oft hierher. In diesem Café gibt es guten Kuchen.
B1	hinter/hinter-	1. Hinter dem Haus haben wir einen Garten. 2. Fahren Sie Ihren Wagen bitte hinter das Haus. 3. Auf den hinteren Plätzen kann man nicht sehr viel sehen.
B1	hinterher	Vor der Prüfung habe ich so viel gelernt. Hinterher habe ich vieles wieder vergessen.
B1	hinterlassen	Möchten Sie eine Nachricht hinterlassen?
B1	hinunter runterwerfen	Kannst du mir bitte den Schlüssel runterwerfen? Ich habe meinen vergessen.
B1	hinweisen	Wir möchten Sie darauf hinweisen, dass das Rauchen am Bahnsteig nicht gestattet ist.
B1	historisch	Wir waren mit unserer Klasse im Historischen Museum.
B1	hochladen	Kannst du bitte die Datei für die Hausaufgabe hochladen?
B1	hupen	Hier ist ein Krankenhaus. Hier darfst die Industrie, -n du nicht hupen. die Infektion, -en Der Junge hat die ganze Nacht gehustet. informieren, informiert, Haben Sie ein Medikament gegen informierte, Husten? hat informiert
B1	höchstens	Ich habe wenig Zeit. Ich kann höchstens eine Viertelstunde bleiben.
B1	höflich	Unser Nachbar ist sehr höflich. Er sagt immer als Erster Guten Tag.
B1	hübsch	1. Wir haben eine hübsche Wohnung gefunden. in 2. Dietmars neue Freundin ist sehr hüb- sch.
B1	Ich arbeite in einer Autofabrik	
B1	Ich bin erkältet	kann ich heute
B1	Ich bin vor zwei	Jahren nach Deutsch- Seitdem lerne ich
B1	Ich fahre mit der	U-Bahn.
B1	Ich gehe zum Gemüsehändler	soll ich
B1	Ich habe am selben	Tag Geburtstag wie
B1	Ich habe einen sehr wertvollen	Ring
B1	Ich habe im Fernsehen	ein interes- mit zwei Schauspiel-
B1	Ich habe jeden Tag	eine Tablette es hat nichts genützt.
B1	Ich habe keinen Hunger	Ach, essen
B1	Ich habe mich	an das Leben auf dem teuer.
B1	Ich habe mir den	Termin notiert.
B1	Ich habe Sie irgendwann	schon mal
B1	Ich habe überall	gesucht, aber meine
B1	Ich hätte gern	Couverts und
B1	Ich komme eventuell	etwas später.
B1	Ich lerne gerade	Gitarre spielen. Ich zwei Stunden.
B1	Ich mache jeden	Morgen Gymnastik.
B1	Ich möchte das schöne	Wetter nutzen
B1	Ich möchte ein	Bild aufhängen. Hast du für mich?
B1	Ich suche eine	günstige Ferien-
B1	Ich verstehe ein bisschen	was von bin kein Experte.
B1	Ich war neulich bei	der Bank und habe getroffen.
B1	Ich warte schon ewig	auf mein neues
B1	ichholz A Zünder	Zündhölzer.
B1	ideal	inklusive Eine Wohnung mit Garten wäre für uns ideal. innen Du willst ein Picknick machen? Ich finde die Idee toll. inner-
B1	illegal	Ohne Steuerkarte zu arbeiten ist illegal. Wenn es herauskommt, musst du Strafe zahlen. innerhalb1.
B1	im Freien	Wir wollen heute im Freien übernachten.
B1	Im Hotel gab es	typisch deutsches zu spät, das ist typisch für dieses
B1	In dieser Gegend gibt	es viel Industrie.
B1	In dieser Sache gibt	es keine
B1	in Pension gehen/sein	Ich gehe Ende des Jahres in Pension. Mein Nachbar ist seit zehn Jahren in
B1	in Rente gehen/sein	Ich gehe Ende des Jahres in Rente.
B1	installieren	Können Sie mir helfen, meinen irgend- Computer zu installieren? irgendein
B1	intensiv	Ich möchte intensiv Deutsch lernen.
B1	interessant	Ich habe einen interessanten Bericht gelesen. die Jacke, -n 2. Den Artikel über Brasilien finde ich sehr interessant. die Jause, -n (A) →D: Im-
B1	interessieren	1. Das Thema Kindererziehung interessiert mich sehr. 2. Ich interessiere mich sehr für Fußball.
B1	interessiert	Mein Nachbar zieht nächsten Monat aus. Sind Sie noch an der Wohnung in- teressiert?
B1	interkulturell	Wir haben in der Sprachschule ein je ... desto ... interkulturelles Fest gefeiert.
B1	Jause	
B1	Je länger ich Deutsch	lerne, desto verstehen.
B1	jederzeit	Sie können mich jederzeit anrufen.
B1	jedes Mal	Inge erzählt die Geschichte jedes Mal anders.
B1	jedoch	Sie ruft immer wieder an, jedoch ohne Erfolg.
B1	jemals	Hast du jemals von dem Problem gehört? – Nein, nie.
B1	jeweils	Der Kurs findet jeweils montags und donnerstags um 18 Uhr statt.
B1	kaputtgehen	Pass bitte mit diesem Glas auf. Es geht leicht kaputt. 2. Der Fernseher ist gestern kaputt- gegangen.
B1	kaputtmachen	Wer hat die Lampe kaputtgemacht?
B1	Karneval CH Fasnacht	Faschings(um)zug.
B1	Karotte CH Rüebli	
B1	Karotte D Möhre	
B1	kaum	Ich kann Sie kaum verstehen. Bitte sprechen Sie lauter. Es hat letzte Woche kaum geregnet. Die Fahrt hat nicht lange gedauert. Kaum 20 Minuten.
B1	kein-	Ich habe leider heute keine Zeit. Jetzt habe ich noch keinen Hunger. Ich habe keine Kinder. Was für ein Auto haben Sie? – Ich habe keins.
B1	klagen	Sie klagt über Kopfschmerzen.
B1	kleben	1. Die Briefmarke klebt nicht mehr. 2. Ich klebe Ihnen ein Pflaster darauf.
B1	klettern	Die Kinder sind auf den Baum geklettert.
B1	klicken	Wenn du die Datei öffnen willst, musst du mit der Maus zweimal klicken.
B1	klingeln	1. Ich glaube, es hat an der Tür geklingelt. 2. Das Telefon klingelt.
B1	klingen	Wollen wir einkaufen gehen und danach zusammen kochen? – Ja, das klingt gut.
B1	klopfen	1. Da klopft jemand ans Fenster. 2. Hat es nicht eben geklopft? 3. Bitte klopfen Sie an.
B1	klären	Ich hoffe, wir können dieses Problem bald klären.
B1	knapp	1. Mach schnell. Die Zeit ist knapp. 2. Unser Geld wird knapp. Wir müssen sparen. 3. Die Fahrt war kurz. Nur knapp eine Stunde. 4. Die Wohnung hat nur knapp 30 m2. 5. Der Tisch hat nur knapp 50 Euro gekostet.
B1	Knödel	oder Klöße? – Klöße, bitte. || Möchten Sie zum Fleisch Erdäpfel oder
B1	Kommst du zu der Party	- Vielleicht,
B1	komplett	1. Ich habe den Termin komplett vergessen. 2. Die Wohnung ist jetzt komplett eingerichtet.
B1	kompliziert	Er schreibt viel zu kompliziert.
B1	konsumieren	Die Europäer haben im letzten Jahr mehr Fleisch konsumiert.
B1	kopieren	1. Kann ich mir diesen Artikel kopieren? 2. Ich kopiere dir die Datei auf die Speicherkarte. 3. Ich kann dir die CD kopieren.
B1	korrekt	Ich habe die Rechnung geprüft. Alles ist korrekt.
B1	Korridor	Wir warten draußen im Korridor.
B1	korrigieren	1. Können Sie bitte meinen Brief korrigieren? 2. Der Lehrer hat meine Fehler korrigiert.
B1	kreativ	1. Die Kinder sind beim Basteln sehr kreativ. 2. Wir brauchen eine kreative Lösung für dieses Problem.
B1	Kriminal-	Ein Nachbar von uns arbeitet bei der Kriminalpolizei.
B1	kritisch	Es gab eine Diskussion über die Lebensmittelpreise. Ein Journalist hat kritische Fragen gestellt.
B1	kritisieren	Kritisiere mich nicht so oft.
B1	kräftig	Der Mann ist kräftig. Er macht viel Sport und isst viel. 2. Die Suppe musst du kräftig würzen.
B1	kämpfen	Die Frauen kämpfen für mehr Rechte.
B1	kämpfte	
B1	körperlich	Körperliche Arbeit macht mir nichts aus.
B1	künstlich	Ich mag kein künstliches Licht.
B1	kürzlich	Wir haben doch kürzlich darüber gesprochen, dass wir am Wochenende wegfahren wollen.
B1	küssen	Er nahm sie in die Arme und küsste sie. Beim Verabschieden haben wir uns alle geküsst.
B1	landen	Wir sind erst um 20 Uhr in München gelandet. Wegen starken Nebels konnte die Maschine nicht in Frankfurt landen.
B1	Lebensmittel	werden immer teurer. kaufe ich im
B1	leiden	1. Er leidet an einer schweren Krankheit. 2. Sie leidet sehr unter den Verhältnissen. die Leute (Pl.) 1. Da kann ich Ihnen leider nicht helfen. 2. Hast du schon eine Antwort auf deinen das Lexikon, -Lexika Brief? – Leider nicht. 3. Leider kann ich nicht kommen. Ich das Licht, -er muss zum Arzt.
B1	leisten	1. So ein teures Auto kann ich mir leider nicht leisten. 2. Bei einem Unfall muss jeder Erste Hilfe die Liebe1. leisten.
B1	leiten	Wer leitet den Kurs? Lieblings-
B1	Lift	Im Büro ist leider der Lift kaputt.
B1	link-	1. Er hat sich das linke Bein gebrochen. 2. Das Haus ist auf der linken Seite.
B1	loben	Ich habe alle Hausaufgaben gemacht. Der Lehrer hat mich heute gelobt.
B1	locker	Lassen Sie bitte die Arme ganz locker und atmen Sie tief ein.
B1	los/los-	1. Los! Beeilt euch! 2. Gibt es ein Problem? Was ist denn los? 3. Achtung – fertig – los!
B1	losfahren	Wir fahren um 8 Uhr los. Sei bitte pünktlich.
B1	lächeln	Schauen Sie in die Kamera. Bitte lächeln!
B1	längst	Wann reparierst du die Heizung. – Die habe ich schon längst repariert.
B1	löschen	1. Du kannst die Datei löschen. Ich brauche sie nicht mehr. 2. Das Feuer wurde schnell gelöscht.
B1	lösen	1. Wir müssen dieses Problem lösen. 2. Sie können die Fahrkarten auch am Automaten lösen.
B1	mager	Bitte 1 kg mageres Fleisch.
B1	mal	(siehe einmal) || 1. Das machen wir nächstes Mal. 2. Das erste Mal war ich vor fünf Jahren in England. 3. Bis zum nächsten Mal.
B1	markieren	Hier ist unser Hotel. Ich markiere Ihnen auf dem Plan den Weg zum Bahnhof.
B1	mate	Markt.
B1	Matura	gemacht. || Meine Tocher hat gerade die Matura
B1	maximal	1. Wie lange braucht ein Brief? – Maximal zwei Tage. 2. Wie schwer darf der Brief sein? – Maximal 20 g.
B1	mehr siehe auch viel	1. Ich habe diesmal mehr gelernt als bei der letzten Prüfung. 2. Mehr kann ich nicht essen!
B1	mehrere	Ich habe mehrere Leute gefragt. Aber niemand konnte mir helfen. 2. Viele Wörter haben mehrere Bedeutungen.
B1	Mein Cousin will	eine dreijährige Lehre
B1	Mein Pass ist	nur noch zwei Monate
B1	Mein Wagen ist zurzeit in	der Werk-
B1	Meine Cousine wohnt	jetzt in Brasilien.
B1	Meine Schwester ist	Computerfachfrau.
B1	meinetwegen	Meinetwegen kannst du heute das Auto haben.
B1	meist ens	1. Meistens trinke ich zum Frühstück nur einen Kaffee. 2. Seid ihr am Wochenende zu Hause? – Ja, meistens.
B1	melden	1. Ich habe schon zweimal angerufen. Aber es meldet sich niemand. 2. Den Unfall müssen Sie der Versicherung melden. 3. Warum hast du dich so lange nicht gemeldet? Warst du krank?
B1	menschlich	Fehler zu machen ist menschlich.
B1	merkwürdig	Das ist eine merkwürdige Geschichte.
B1	messen	Haben Sie schon Fieber gemessen? Ich habe das Zimmer ausgemessen. Es sind genau 20 m2.
B1	minimal	Da ist nur ein minimaler Unterschied.
B1	mischen	Ich möchte ein gemischtes Eis mit Sahne. Wie möchten Sie das Geld? – Bitte gemischt, große und kleine Scheine.
B1	miss-	Die Konferenz war ein Misserfolg. Das Misstrauen zwischen den beiden Parteien ist weiterhin groß. Sie haben mich missverstanden.
B1	miteinander	Sprechen Sie bitte miteinander.
B1	mitteilen	Den Prüfungstermin teilen wir Ihnen noch mit.
B1	mitten	1. Wir haben eine Wohnung mitten in der Stadt. 2. Das Flugzeug hatte Verspätung. Wir sind erst mitten in der Nacht angekommen.
B1	mittler-	In den mittleren Reihen sind noch Plätze frei.
B1	mittlerweile	Am Anfang war die Arbeit schwer. Mit- tlerweile habe ich mich daran gewöhnt.
B1	mobil/mobil-	Mit dem Fahrrad bin ich in der Stadt sehr mobil.
B1	Morgen sind bei	uns die Handwerker. eine neue Badewanne.
B1	musikalisch	Sie ist sehr musikalisch: Sie spielt Klavier, Flöte und Geige. 2. Das musikalische Angebot gefällt mir.
B1	Muss ich nochmal	wiederkommen? – notwendig.
B1	mutig	Es war sehr mutig von dir, deine Meinung laut zu sagen.
B1	möbliert	Ich suche ein möbliertes Zimmer.
B1	Möchten Sie Nudeln	oder Reis? –
B1	Möhre CH Rüebli	
B1	mündlich	Die mündliche Prüfung ist erst nächste Woche.
B1	nachdem	Nachdem wir gegessen hatten, sind wir spazieren gegangen.
B1	nachdenken	Ich weiß nicht, was ich machen soll. Ich muss nachdenken.
B1	nachher	Ich rufe nachher nochmal an.
B1	nachschlagen	Ich kenne das Wort nicht. Das musst du im Wörterbuch nachschlagen.
B1	Nachspeise	leckeres Dessert. || Nach dem Essen gab es noch eine leckere Nachspeise
B1	nah e	Wie weit ist es zum Bahnhof? – Das ist ganz nah, nur zwei Minuten von hier.
B1	national/national-	Das ist ein nationaler Wettbewerb. Die Nationalmannschaft ist ziemlich stark.
B1	negativ	Du solltest nicht alles negativ sehen. die Nichte, -n
B1	Nicht nur junge Leute	tragen Jeans.
B1	niedrig	1. Die Räume hier sind mir zu niedrig. 2. Für die Jahreszeit sind die Temperaturen zu niedrig. die Notiz, -en 3. Die Firma zahlt sehr niedrige Löhne.
B1	nirgendwo	Die Schlüssel kann ich nirgendwo die Nummer, -n finden.
B1	noch mal	1. Vielen Dank nochmal. 2. Bitte sagen Sie das nochmal. nutzen, nutzt, nutzte, Nochmals vielen Dank! hat genutzt
B1	normalerweise	Wann haben Sie normalerweise Pause? nützlich
B1	Not-	Die Notaufnahme ist gleich hier links.
B1	Nächster Halt	ist am Südbahnhof.
B1	nähen	1. Meine Mutter näht ihre Kleider selbst. 2. Wir müssen die Wunde nähen.
B1	nämlich	Ich muss leider gehen. Ich habe näm- lich noch einen Termin beim Zahnarzt. der Nerv, -en
B1	ob	Ich weiß noch nicht, ob ich kommen kann.
B1	ober-	Die Wohnung im oberen Stockwerk ist vermietet.
B1	obwohl	Obwohl meine Kollegin krank ist, geht sie arbeiten.
B1	offenbar	Das Restaurant ist heute offenbar geschlossen.
B1	offiziell	Sie bekommen von uns eine offizielle Einladung.
B1	oft/öfter	1. Ich treffe mich oft mit meiner Freundin. 2. In letzter Zeit muss ich öfter Überstunden machen.
B1	operieren	Wir müssen das Knie sofort operieren.
B1	optimistisch	Glaubst du, dass du den Job bekommst. – Ja, ich bin ganz optimistisch.
B1	ordentlich	1. Mein Bruder ist ein sehr ordentlicher Mensch. 2. Auf seinem Schreibtisch sieht es immer sehr ordentlich aus.
B1	ordnen	Letztes Wochenende habe ich meine Papiere geordnet.
B1	parallel	Die Goethestraße ist parallel zur Hauptstraße.
B1	parkieren	1. Hier dürfen Sie nicht parkieren. 2. Hier ist das Parkieren verboten.
B1	passiv	Man sollte im Kurs nicht passiv sein, sondern mitdiskutieren.
B1	pauschal	Sie haben die Reise pauschal gebucht.
B1	peinlich	1. Das muss dir nicht peinlich sein. 2. Das war eine peinliche Situation.
B1	pensioniert werden/sein	Ich werde Ende des Jahres pensioniert. Mein Nachbar ist seit zehn Jahren pen-
B1	per	Wie kann ich mich für den Kurs anmelden? – Per Fax oder E-Mail.
B1	perfekt	Die Reiseorganisation war perfekt.
B1	Personenstand	ankreuzen. || Bei „Personenstand“ musst du „ledig“
B1	persönlich	Hier gibt es zu viele Autos. Das ist meine persönliche Meinung. 2. Ich muss Herrn Meier persönlich sprechen.
B1	pflanzen	Lass uns einen Baum pflanzen!
B1	pflegen	Meine Mutter ist sehr krank. Ich muss sie pflegen.
B1	politisch	Ich diskutiere mit meinem Mann oft über politische Probleme. Die politischen Meinungen zum Thema Umwelt sind sehr verschieden.
B1	populär	Diese Musik ist bei Jugendlichen populär.
B1	positiv	Wir haben eine positive Nachricht für Sie. Sie bekommen die Stelle. Man muss positiv denken.
B1	Poulet	die Hand, ̈-e 1. Treffen wir uns um halb neun? 2. Bei dieser Firma habe ich ein halbes Jahr gearbeitet. 3. Ich gebe Ihnen die Tomaten zum halben Preis. der Handwerker, - 4. Die Flasche ist ja noch halb voll. die Handwerkerin, -nen || Zum Mittagessen gibt es Poulet mit
B1	prima	Mit diesen Leuten verstehe ich mich prima.
B1	produzieren	Unsere Firma produziert Feuerzeuge.
B1	Prost	Wir trinken auf Ihre Gesundheit! Prost!
B1	protestieren	Wir protestieren gegen den Bau der Autobahn.
B1	präsentieren	Präsentieren Sie Ihre Ergebnisse bitte im Kurs.
B1	Pöstler	War die Pöstlerin schon da?
B1	quer	Ich muss zu meiner Arbeit quer durch die ganze Stadt fahren.
B1	Rad CH Velo	Fahrrad zur Arbeit.
B1	radeiser	Markt.
B1	Ratschlag	Meine Tochter nimmt meine Ratschläge nicht an.
B1	rauf/rauf-	Hier ist die Treppe, also los, schnell rauf! Möchtest du nicht raufkommen?
B1	raus/raus-	Willst du rein oder raus? Er ist gerade rausgelaufen.
B1	reagieren	Ich habe dem Vermieter geschrieben, aber er hat noch nicht reagiert.
B1	realisieren	Diese Pläne sind nicht zu realisieren. Ich habe nicht realisiert, dass die Zeit schon um ist.
B1	realistisch	Ich glaube nicht, dass du für das Auto noch so viel Geld bekommst. Das ist nicht realistisch.
B1	recht-	Ich habe mir den rechten Arm gebrochen.
B1	rechtlich	Wir beraten Sie in rechtlichen Fragen.
B1	rechtzeitig	Bitte weck mich rechtzeitig. Ich muss pünktlich sein.
B1	reduzieren	Wir haben jetzt unsere Preise reduziert. Ist dieser Pullover auch reduziert?
B1	regelmäßig	Sie müssen die Tabletten regelmäßig nehmen.
B1	regeln	Die Ampel ist kaputt. Ein Polizist regelt den Verkehr.
B1	regional	Du kannst mit einer Regionalbahn fahren. Das ist billiger.
B1	reichen	Ich nehme nur eine Suppe. Das reicht mir. Wie lange reicht das Papier noch? Ich glaube, wir müssen neues bestellen.
B1	reif	Die Banane kannst du nicht essen. Sie ist noch nicht reif.
B1	rein	1. Der Pullover ist aus reiner Wolle. 2. Es war reiner Zufall, dass ich die Uhr wiedergefunden habe. 3. Das Wasser ist so rein, dass man es trinken kann.
B1	reinigen	Ich möchte diesen Anzug reinigen lassen.
B1	relativ	Die Wohnung ist relativ groß, aber sehr teuer.
B1	rennen	Ich bin sehr schnell gerannt, aber der Bus war schon weg.
B1	retten	Der Arzt konnte das Kind noch retten.
B1	riesig	Die Stadt ist riesig. Ich habe mich über das Geschenk riesig gefreut.
B1	roh	Du kannst das nicht essen. Das Fleisch ist noch roh.
B1	rückwärts	Ich bin rückwärts aus der Garage gefahren.
B1	salzig	Dieses Essen ist zu salzig für mich.
B1	satt	Möchten Sie noch etwas? – Nein danke, ich bin satt.
B1	schaden	Ein kleines Glas Wein kann nicht schaden. || Ich hatte einen Unfall mit dem Auto. Jetzt muss ich den Schaden der Versicherung melden.
B1	schalten	Schalten Sie bitte das Licht aus, wenn Sie gehen. Kannst du bitte den Fernseher ein- schalten. Jetzt kommen gleich die Nachrichten. Du musst jetzt in den ersten Gang schalten.
B1	schauen	Schau mal! Da vorne ist noch ein Platz frei.
B1	schieben	1. Leider ist mein Fahrrad kaputt- gegangen. Ich musste es nach Hause schieben. 2. Wir können den Schrank links an die Wand schieben; dann haben wir mehr Platz.
B1	schief	Der Spiegel hängt ganz schief.
B1	schießen	Unsere Mannschaft hat ein Tor geschossen.
B1	Schlag- Rahm	Ich hätte gern ein Stück Torte mit
B1	schlagen	1. Wer hat den Weltmeister geschlagen? 2. Ich muss einen Nagel in die Wand schlagen. Wo ist der Hammer? 3. Das Herz schlug mir bis zum Hals.
B1	schlank	In diesem Kleid siehst du sehr schlank aus.
B1	schließlich	Ich musste lange warten. Aber schließlich habe ich den Job doch noch bekommen. Ich helfe dir natürlich. Du bist schließlich mein Freund.
B1	schmal	Hier kannst du nicht parken. Die Straße ist zu schmal.
B1	schminken	Du bist heute sehr schön geschminkt.
B1	schreien	Kinder, hört bitte auf, so laut zu schreien. – Ich muss arbeiten. Unser Baby hat heute Nacht viel geschrien.
B1	schuldig	Was bin ich Ihnen schuldig? – 50 Euro, bitte.
B1	schweigen	Sie sprach viel, aber ihr Mann schwieg sein, ist, war, ist gewesen den ganzen Abend lang.
B1	Schwieger-	1. Wir besuchen morgen meine Schwiegereltern. 2. Mein Schwiegervater ist Lehrer. seit 3. Ich verstehe mich gut mit meiner Schwiegertochter.
B1	schätzen	Wie alt ist der Chef? – Ich weiß nicht, ich schätze, um die Fünfzig. Ich schätze deine gute Arbeit.
B1	Schönen Gruß	an Ihren Mann. Ihre Frau. Grüßen
B1	schütteln	Die Flasche muss man vor dem Öffnen schütteln.
B1	schützen	Diese Impfung schützt vor Grippe.
B1	Selbstverständlich	sagen wir Ihnen so-
B1	selten	Ich gehe ganz selten ins Kino.
B1	seltsam	Es ist seltsam, dass mein Bruder noch nicht hier ist. Sie hörte ein seltsames Geräusch.
B1	Semmel CH Brötli	Frühstück.
B1	senden	Bitte senden Sie uns die Unterlagen per E-Mail. Können Sie uns die Post bitte nachsenden?
B1	senkrecht	Ziehen Sie bitte eine senkrechte Linie.
B1	sich amüsieren	Bei dem Fest haben wir uns sehr gut amüsiert.
B1	sich anstrengen	1. Diese Arbeit strengt mich sehr an. 2. Wenn du die Prüfung schaffen willst, musst du dich mehr anstrengen.
B1	sich ausruhen	1. Sie ruhen sich von der Arbeit aus. 2. Bist du gut ausgeruht?
B1	sich bedanken	Ich möchte mich noch einmal sehr her- zlich für Ihre Hilfe bedanken.
B1	sich beeilen	Wir müssen uns beeilen. Sonst verpassen wir den Zug.
B1	sich befinden	Das Bord-Bistro befindet sich in der Mitte des Zuges.
B1	sich bemühen	1. Er hat sich sehr bemüht, etwas Gutes zu kochen. 2. Ich werde mich um einen Termin bemühen.
B1	sich beschweren	Wo können wir uns beschweren?
B1	sich beteiligen	Wir wollen unserer Lehrerin ein Geschenk kaufen. Wer möchte sich beteiligen?
B1	sich bewerben	Ich habe mich um diese Stelle beworben. Ich habe mich als Kellner beworben.
B1	sich eignen	Dieses Hotel eignet sich besonders für Familien mit Kindern.
B1	sich einigen	Jeder hat einen anderen Vorschlag. Wir können uns leider nicht einigen.
B1	sich entschließen	Mein Nachbar hat sich nun doch entschlossen, sein Auto zu verkaufen.
B1	sich ereignen	Der Unfall ereignete sich am frühen Morgen.
B1	sich erholen	1. Im Urlaub habe ich mich sehr gut erholt. 2. Er hat sich nach dem Unfall sehr schnell wieder erholt.
B1	sich erkundigen	1. Hast du dich schon nach einem Zug erkundigt? 2. Ich möchte mich erkundigen, wie es Ihnen geht.
B1	sich etwas aussuchen	Such dir etwas Schönes aus! Ich lade dich ein.
B1	sich etwas gefallen lassen	Das würde ich mir nicht gefallen lassen.
B1	sich etwas kaufen	1. Im Supermarkt kauft man sehr günstig ein. 2. Ich habe mir einen Pullover gekauft.
B1	sich fürchten	Sie fürchtet sich vor Schlangen.
B1	sich konzentrieren	Bitte stör mich jetzt nicht. Ich muss mich auf meine Arbeit konzentrieren.
B1	sich lohnen	Für drei Tage zu meinen Eltern fahren lohnt sich nicht. Es ist zu weit.
B1	sich nähern	Er nähert sich dem Unfallort ganz langsam.
B1	sich rasieren	Dein Bart ist aber lang! Du solltest dich mal wieder rasieren.
B1	sich scheiden lassen	Meine Nachbarn haben sich scheiden lassen.
B1	sich schneiden	Das Messer schneidet nicht. Hast du ein Pflaster? Ich habe mich geschnitten.
B1	sich setzen	Darf ich mich zu Ihnen setzen? Bitte setzen Sie sich, wohin Sie wollen!
B1	sich siezen	Obwohl sie sich schon lange kennen, siezen sie sich.
B1	sich stoßen	Wie haben Sie sich denn verletzt? – Ich habe mich an der Autotür gestoßen.
B1	sich streiten	Die Kinder streiten sich oft.
B1	sich trennen	1. Wir leben getrennt. 2. Meine Freundin und ihr Mann haben sich getrennt. 3. Wir müssen den Müll trennen. Das kommt zum Altpapier.
B1	sich umdrehen	1. Dreh dich mal um. Da hinten liegt das Buch doch. 2. Dreh das Blatt um; die Lösung steht auf der Rückseite.
B1	sich unterhalten	Wir haben uns über das Fußballspiel unterhalten. Ich habe mich bei der Party sehr gut unterhalten.
B1	sich verabreden	Wir haben uns mit Freunden verabredet. Wir wollen zusammen essen.
B1	sich verabschieden	1. Ich wurde von meinen Freunden sehr nett verabschiedet. 2. Es ist schon 23 Uhr. Ich möchte mich verabschieden.
B1	sich verbessern	1. Ich habe mein Deutsch verbessert. 2. Meine Kinder haben sich in der Schule verbessert.
B1	sich verbrennen	1. Ich werde alle Briefe verbrennen. 2. Der Herd war noch heiß. Ich habe mich verbrannt.
B1	sich vergnügen	Auf der Party habe ich mich sehr vergnügt.
B1	sich verhalten	Der Mann hat sich uns gegenüber merkwürdig verhalten.
B1	sich verlaufen	Gestern haben wir uns im Wald verlaufen. Wir haben erst eine Stunde später den richtigen Weg gefunden.
B1	sich verletzen	1. Ich habe mich an der Hand verletzt. 2. Ich habe mir den Arm verletzt.
B1	sich verlieben	Ich habe mich verliebt.
B1	sich verstecken	1. Ich habe das Geld hinter dem Regal versteckt. 2. Die Kinder verstecken sich im Wald.
B1	sich verstehen	1. Ich kann Sie kaum verstehen. Sprechen Sie bitte lauter. 2. Den Satz verstehe ich nicht. 3. Ich verstehe nichts von Computern. 4. Unsere beiden Kinder verstehen sich sehr gut.
B1	sich verändern	1. Das geht so nicht. Wir müssen die Organisation verändern. 2. Wir haben uns lange nicht gesehen. Aber du hast dich gar nicht verändert.
B1	sich vorbereiten	1. Am Sonntag machen wir ein kleines Fest. Ich muss noch viel dafür vor- bereiten. 2. Ich muss mich auf meine Prüfung vor- bereiten.
B1	sich wundern	1. Es hat mich gewundert, dass das Essen hier so günstig ist. 2. Ich wundere mich, dass du schon so früh aus der Schule kommst. Was ist los?
B1	sich wünschen	1. Ich wünsche Ihnen alles Gute. 2. Was wünschst du dir zum Geburtstag? 3. Wünsch mir Glück!
B1	sich zwingen	1. Bitte zwing mich nicht etwas zu essen. Ich bin wirklich nicht hungrig. 2. Das schlechte Wetter zwang uns umzukehren.
B1	sich ärgern	1. Ärgern Sie sich nicht. 2. Mein Bruder hat mich schon als Kind immer geärgert.
B1	sich überzeugen	1. Ihr Vorschlag überzeugt mich gar nicht. 2. Ich bin fest davon überzeugt, dass meine Entscheidung richtig ist. Wie bist du zu dieser Überzeugung gekommen?
B1	sicherkälten	Der Junge hat sich beim Baden erkältet.
B1	sichern	Du musst immer alle Daten im Computer sichern.
B1	sichtbar	Es gibt keine sichtbaren Verletzungen. Aber wir müssen das Bein trotzdem untersuchen.
B1	Sie bezahlen erst bei	der Lieferung.
B1	Sie haben eine Infektion	Sie müssen
B1	Sie haben Ihren	Schirm verloren. Da im Fundbüro.
B1	Sie ist eine fleißige Lernerin	
B1	Sie müssen zurückfahren	aber hier
B1	Sie will das selber	machen.
B1	siegen	Die Mannschaft siegte mit 2:0.
B1	sinken	Das Schiff ist vor der Küste gesunken. Der Preis ist um 3 % gesunken.
B1	sinnlos	So ein sinnloses Buch habe ich schon lange nicht mehr gelesen.
B1	sinnvoll	Es funktioniert einfach nicht. Es ist sinnvoll, es noch einmal zu versuchen.
B1	so viel/so viel wie	Ich habe so viel gegessen. Jetzt ist mir schlecht. Ich verdiene nur halb so viel wie er.
B1	sobald	Sobald ich den Termin weiß, gebe ich Ihnen Bescheid.
B1	sodass	Der Zug hatte zwei Stunden Verspätung, sodass ich erst um 23 Uhr nach Hause kam.
B1	sogenannt-	Studenten, die lange studieren, sind so- genannte Langzeitstudierende. Wo bleiben denn deine sogenannten Freunde?
B1	solange	Solange Sie Fieber haben, dürfen Sie auf keinen Fall arbeiten gehen.
B1	solch-	Solche Schuhe finde ich toll.
B1	Sonder-	Das ist ein Sonderangebot: 25 % re- duziert.
B1	sondern	Unser Besuch kommt nicht heute, sondern morgen.
B1	sonenstand	ankreuzen.
B1	sorgen	Wer sorgt denn für die Kinder? Können Sie bitte dafür sorgen, dass die Heizung funktioniert?
B1	soviel	Soviel ich weiß, hat dieses Restaurant heute Ruhetag.
B1	sowieso	Willst du mir den Brief mitgeben? Ich gehe sowieso zur Post.
B1	sowohl als auch	Sowohl Sie als auch Ihre Frau müssen unterschreiben.
B1	sozial	Das System ist nicht sozial. Es gibt viele soziale Probleme.
B1	sparsam	Wir haben fünf Kinder. Wir müssen sehr sparsam sein. Mein Auto ist sehr sparsam. Es verbraucht nur 5 Liter auf 100 km.
B1	Speise-/-speise	Als Vorspeise nehme ich eine Suppe, aber dafür nehme ich keine Nachspeise. (D, A)
B1	speziell	Ich suche einen ganz speziellen Ring für meine Freundin.
B1	spitz	Der Bleistift ist nicht spitz.
B1	Sprechstunde	Ordination. || Frau Dr. Berger hat von 8 bis 12 Uhr
B1	springen	1. Wir waren im Schwimmbad. Mein Sohn ist immer wieder ins Wasser gesprungen. 2. Wie weit bist du heute gesprungen? – 3,40 m.
B1	spätestens	Ich muss spätestens um 9 Uhr bei der Arbeit sein.
B1	spülen	1. Hast du das Geschirr gespült? 2. Spülen Sie bitte jetzt den Mund aus.
B1	spüren	Wo tut es weh? Spüren Sie das hier?
B1	stammen	Ich stamme aus einer kleinen Stadt an der Donau.
B1	starten	Das Flugzeug ist pünktlich gestartet.
B1	statistisch	Die statistischen Ergebnisse zeigen eine gute Entwicklung.
B1	statt	Kann ich diese Woche statt Donnerstag am Freitag kommen?
B1	staubsaugen	Ich muss heute in meiner Wohnung noch staubsaugen.
B1	stechen	Stefan wird beim Zelten immer von den Mücken gestochen.
B1	stecken	Wo ist denn mein Pass? Ich hatte ihn doch in die Handtasche gesteckt. Du kannst reingehen. Der Schlüssel steckt. Die Zeitung steckt im Briefkasten.
B1	stehen bleiben	Bitte bleiben Sie stehen. Meine Uhr ist stehen geblieben.
B1	stehlen	Gestern hat mir jemand im Zug meine Uhr gestohlen.
B1	steigen	Die Preise für Milch und Gemüse sind schon wieder gestiegen. Gegen Abend ist das Fieber wieder gestiegen.
B1	steil	Die Straße zu unserem Haus ist sehr steil.
B1	stilistisch	Der Text ist stilistisch sehr schön.
B1	still	Sei doch mal einen Moment still! Maria kann nicht still sitzen.
B1	stimmen	1. Meine Adresse stimmt nicht mehr. 2. Das Wetter in Deutschland könnte besser sein. – Das stimmt.
B1	stinken	Was stinkt denn hier so? – Das ist der Fisch. Er ist nicht mehr frisch.
B1	stolz	Ich bin stolz auf dich. Das hast du sehr gut gemacht.
B1	stoppen	Die Polizei hat mich gestoppt, weil ich bei Rot über die Ampel gefahren bin.
B1	strafbar	Was du da machst, ist strafbar.
B1	Streichholz Zündholz	
B1	streiken	Die Arbeiter streiken für höhere Löhne.
B1	streng	Unsere Tochter hat einen sehr strengen Lehrer.
B1	stumm	Stell bitte dein Handy leise oder auf stumm.
B1	städtisch	Ich gehe gern in die städtische Bibliothek.
B1	ständig	Ich habe schon ein paar Mal bei meiner Freundin angerufen. Es ist ständig besetzt.
B1	stürzen	Ich bin auf der Straße gestürzt und habe mir den Fuß gebrochen. Bitte pass auf der Treppe auf, dass du nicht hinunterstürzt!
B1	super	Das war ein super Film! Er kann super tanzen. Weißt du was? Ich komme mit. – Super!
B1	sympathisch	Ich finde unsere neue Kollegin sehr sympathisch.
B1	sämtliche	Sämtliche Fenster müssen geschlossen bleiben.
B1	süchtig	Ich bin süchtig nach Schokolade. Fernsehen kann süchtig machen.
B1	süß	Ich esse gern süße Sachen. Das ist aber ein süßes Baby!
B1	tanken	1. Wir müssen unbedingt tanken. Wir haben fast kein Benzin mehr. 2. Bitte einmal volltanken!
B1	tasche A Geldbörse	
B1	tatsächlich	Die Hose ist tatsächlich zu klein, obwohl sie so groß aussieht.
B1	taub	Sie hört schlecht, sie ist schon fast taub. Bist du taub? Ich spreche mit dir!
B1	tauchen	Ich möchte im Urlaub wieder tauchen gehen.
B1	tauschen	Ich würde meinen Kuchen gegen dein Brot tauschen. Wollen wir die Plätze tauschen?
B1	technisch	Es gab ein technisches Problem. Sind Sie technisch interessiert?
B1	Tee ziehen lassen	Diesen Tee sollte man 10 Minuten ziehen lassen.
B1	testen	Testen Sie unsere Angebote kostenlos.
B1	theoretisch	Ich habe die theoretische Prüfung be- standen. Nach der praktischen habe ich den Führerschein.
B1	tippen	Wie schnell kannst du tippen?
B1	tolerant	Die Nachbarn hören oft laut Musik. Wir müssen sehr tolerant sein.
B1	traditionell	Ich mag die traditionelle Küche.
B1	Traum-	Mein Traumberuf ist Feuerwehrmann.
B1	treffen	1. Wir treffen uns immer freitags. 2. Ich habe Petra zufällig in der Stadt getroffen.
B1	treiben	Welchen Sport treibst du?
B1	treten	1. Ich bin in ein Stück Glas getreten. typisch1. 2. Au! Du hast mich getreten!
B1	treu	Herr Maier ist ein treuer Kunde von uns.
B1	trocknen	1. Ich habe mir die Haare getrocknet. die Übung, -en1. 2. Die Farbe ist schnell getrocknet.
B1	Trottoir	ist nicht erlaubt. || Das Velofahren auf dem Trottoir ist
B1	trotz	Trotz Grippe bin ich zur Arbeit gegangen.
B1	trotzdem	Es war ziemlich kalt. Trotzdem bin ich schwimmen gegangen. überall 1. Wo hast du dieses schöne Tuch gekauft? 2. Die Handtücher sind im Schrank ganz überfahren, überfährt, oben. überfuhr, hat überfahren 3. Hast du ein Taschentuch für mich? überhaupt
B1	tödlich	Dieses Gift kann für den Menschen tödlich sein.
B1	um zu	Um gesund zu bleiben, musst du Sport machen und Gemüse essen.
B1	umarmen	Lass dich zum Abschied umarmen.
B1	umgehen	Er kann sehr gut mit Kindern umgehen.
B1	umgekehrt	Nein, umgekehrt: erst der Vorname, dann der Nachname.
B1	umso	1. Je früher wir dort sind, umso besser sind unsere Chancen auf einen guten Sitzplatz. 2. Ich kann dir nicht nur heute, sondern auch morgen helfen. – Umso besser!
B1	umsonst	1. Ich musste nichts bezahlen. Die Reparatur war umsonst.
B1	umtauschen	1. Ich möchte diese Bluse umtauschen. Sie passt mir nicht. 2. Wo kann ich Geld umtauschen? Ein Umtausch ist leider nicht möglich. Alte Autos sind ein Problem für die Umwelt. Das Land muss mehr Geld für Umweltschutz ausgeben.
B1	un-	1. Der Verkäufer war sehr unfreundlich. 2. Dieses Geräusch ist mir unangenehm. 3. Er kam wie immer unpünktlich.
B1	unentschieden	Es steht unentschieden zwischen den beiden Mannschaften. 2. Ich bin noch immer unentschieden, was ich morgen tun soll.
B1	ungefähr	Wie weit ist es bis zum Bahnhof? – Nicht weit, ungefähr zehn Minuten zu Fuß.
B1	ungewöhnlich	Ich finde diese Speise ungewöhnlich, aber sie schmeckt gut.
B1	unglaublich	Es ist unglaublich. Schon wieder so ein Unglück.
B1	unheimlich	1. Ich mag dieses Haus nicht. Es sieht unheimlich aus. 2. Diese Person ist mir unheimlich. 3. Lass uns umkehren. Mir wird im Dunkeln unheimlich. 4. Die Prüfung war unheimlich schwer.
B1	Unsere Firma produziert für	den
B1	unter-	Mein Pass ist im unteren Regal.
B1	unterbrechen	Wir unterbrechen die Sendung für eine wichtige Nachricht. Bitte unterbrich mich nicht, wenn ich spreche.
B1	unterlassen	Das Rauchen auf den Gängen ist zu un- terlassen.
B1	unterrichten	Meine Frau unterrichtet Spanisch.
B1	untersagt	Es ist untersagt, hier zu rauchen.
B1	unterscheiden	Ihr seid euch sehr ähnlich. Auf dem Foto kann man euch beide nicht unterscheiden.
B1	unterschiedlich	Mein Bruder und ich sind sehr unterschiedlich. Er interessiert sich für Mathematik, ich mich für Sprachen.
B1	unterstreichen	Wir sollen alle wichtigen Wörter unterstreichen.
B1	unterstützen	Sie unterstützen mich, wo sie nur können.
B1	unterwegs	1. Warte auf mich. Ich bin unterwegs und komme gleich. 2. Unterwegs können wir noch etwas essen. 3. Stell dir vor, der Brief war zwei Wochen unterwegs.
B1	ursprünglich	Ursprünglich wollte ich in einem Restaurant arbeiten. Aber dann bin ich Busfahrerin geworden.
B1	vegetarisch	1. Ich mag kein Fleisch. Ich esse am liebsten vegetarisch. 2. Haben Sie auch vegetarische Gerichte?
B1	verabredet	Tut mir leid, ich habe keine Zeit. Ich bin mit meiner Freundin verabredet.
B1	verantwortlich	Sie sind für Ihre Kinder verantwortlich.
B1	verbieten	Ich werde meinen Kindern das Rauchen verbieten.
B1	verbinden	1. Wir müssen die Wunde sofort verbinden.
B1	verbrauchen	Wie viel Benzin verbraucht dein Auto?
B1	verbringen	Wie haben Sie Ihren Urlaub verbracht?
B1	verdächtig	Die Tür war nicht abgeschlossen. Das ist verdächtig. 2. Haben Sie etwas Verdächtiges gesehen?
B1	vergeblich	Ich habe vergeblich versucht dich anzurufen.
B1	vergnügt	Er kam mit einem vergnügten Grinsen herein.
B1	vergrößern	Können Sie das Foto vergrößern? Wir wollen unser Geschäft vergrößern.
B1	verhaften	Die Polizei hat 23 Menschen verhaftet.
B1	verhindern	Wir konnten den Unfall nicht verhindern.
B1	verlangen	Jeden Tag Überstunden? Das können Sie nicht verlangen. Wie viel verlangen Sie für das Auto? Frau Müller, Sie werden am Telefon verlangt.
B1	verlassen	Ich habe die Party um 3 Uhr verlassen. Du kannst dich auf mich verlassen. Ich helfe dir auf jeden Fall.
B1	verliebt	Ich bin in Francesco verliebt.
B1	verlängern	Ich muss meinen Pass verlängern lassen. Die U-Bahn Linie U4 wird verlängert.
B1	vermeiden	Der Arzt sagt, ich soll Stress vermeiden.
B1	vermissen	Ich vermisse meine Familie.
B1	vermuten	Ich vermute, sie wird heute nicht kommen.
B1	vermutlich	Vermutlich sagt er die Wahrheit.
B1	vernünftig	1. Seien Sie doch vernünftig! 2. Das ist ein ganz vernünftiger Vorschlag. Hast Du die Pakete gut verpackt?
B1	verpflegen	Wir werden hier sehr gut mit Essen verpflegt.
B1	verpflichtet	Sie sind verpflichtet, den Unfall zu melden.
B1	verraten	1. Wer hat dir das Geheimnis verraten? 2. Sein Blick verriet mir, dass er verletzt ist.
B1	verrückt	1. Bist du verrückt geworden?! 2. So eine verrückte Idee.
B1	verschmutzen	Die Fabrik verschmutzt den Fluss.
B1	verschreiben	Die Ärztin hat mir Tabletten verschrieben.
B1	verschwinden	Mein Ausweis ist verschwunden. Hast du ihn vielleicht gesehen?
B1	versichern	1. Wollen Sie Ihr Gepäck versichern? 2. Wie sind Sie versichert?
B1	versprechen	Meine Mutter hat mir versprochen, mich abzuholen.
B1	verständlich	Nach acht Stunden Schule haben die Kinder keine Lust mehr, die Hausaufgaben zu machen. Ich finde das verständlich.
B1	versäumen	Tut mir leid, ich habe die Anmeldefrist versäumt.
B1	verteilen	Kannst du bitte schon mal die Gläser verteilen?
B1	vertrauen	Ich kenne dich gut. Ich vertraue dir. || Ich habe Vertrauen zu Ihnen.
B1	vertreten	Wer vertritt Sie, wenn Sie Urlaub machen?
B1	verursachen	Dieser Busfahrer verursachte den Unfall.
B1	verurteilen	Das Gericht hat den Täter zu einer Geldstrafe verurteilt.
B1	verwandt	Sind Sie mit Frau Meyer verwandt?
B1	verwechseln	Entschuldigen Sie, ich habe Sie mit jemandem verwechselt.
B1	verwenden	Dieses Wort wird oft verwendet.
B1	verzeihen	Das werde ich ihm nie verzeihen können.
B1	Verzeihung	Verzeihung! Ich habe die falsche Nummer gewählt.
B1	verzichten	Ich verzichte heute auf den Kaffee.
B1	veröffentlichen	Das Buch wurde gestern veröffentlicht.
B1	viel/viele	1. Ich habe schon viel gelernt. 2. Ich wünsche Ihnen viel Spaß. 3. Hier regnet es viel. 4. Das ist mir viel zu teuer. 5. Im Winter sind viele Leute erkältet.
B1	virtuell	Auf dieser Website kann man an einer virtuellen Stadtrundfahrt teilnehmen.
B1	voneinander	Wir haben lange nichts voneinander gehört.
B1	vor allem	Grüßen Sie alle von mir, vor allem Frau Meier.
B1	voraus	1. Gehen Sie schon voraus. 2. Ich danke Ihnen im Voraus für Ihre Mühe.
B1	voraussichtlich	Der Zug hat voraussichtlich 20 Minuten Verspätung.
B1	vorbei/vorbei-	1. Die Linie 8 fährt am Krankenhaus vorbei. 2. Keine Sorge! Die Schmerzen sind in ein paar Minuten vorbei. 3. Kommst du um 3 Uhr bei mir vorbei?
B1	vorder-	In den vorderen Reihen sind noch Plätze frei.
B1	vorhaben	Haben Sie morgen Abend schon etwas vor?
B1	vorhin	Vorhin hat Heidrun angerufen. Du sollst sie zurückrufen.
B1	vorkommen	Kein Problem. Das kann vorkommen.
B1	vorlesen	Ich lese meinen Kindern oft etwas vor.
B1	vorläufig	Ich habe noch keine Wohnung. Ich wohne vorläufig bei einem Freund. Das ist eine vorläufige Entscheidung.
B1	vorn	Bitte vorn beim Fahrer einsteigen! Zwei Kinokarten, bitte. – Wo möchten Sie sitzen, vorne oder hinten? Das war noch nicht ganz richtig. Bitte noch mal von vorne.
B1	vorschlagen	Ich schlage vor, dass wir eine Pause machen.
B1	völlig	Das halte ich für völlig ausgeschlossen.
B1	waagerecht	Ziehen Sie bitte einen waagerechten Strich.
B1	wachsen	1. Mein Sohn ist sehr gewachsen. Er ist jetzt schon größer als ich. 2. Ich will mir die Haare wachsen lassen. 3. In meinem Garten wachsen Tomaten und Kartoffeln.
B1	wahnsinnig	1. Du fährst viel zu schnell. Bist du wahnsinnig?! 2. Diese Musik gefällt mir wahnsinnig gut.
B1	wanderte	
B1	warnen	Ich warne Sie. Der Hund ist gefährlich.
B1	was für ein-	Ich will mir ein Auto kaufen. – Was denn für eins?
B1	Was für einen Saft	möchten Sie? –
B1	weder noch	Für Urlaub haben wir weder Zeit noch weltweit1. Geld.
B1	weiter/weiter-	1. Ich möchte nicht stören. Bitte essen Sie ruhig weiter. der Wert, -e 2. Haben Sie noch weitere Fragen?
B1	Welche Sehenswürdigkeiten	gibt es
B1	wetten	1. Wir haben gewettet, dass sie wieder zu spät kommt. 2. Wetten, dass es bald regnet?
B1	widersprechen	1. Da muss ich Ihnen widersprechen. 2. Das widerspricht sich aber.
B1	Wie ist Ihr Familienstand	– Ledig.
B1	wie viel e	1. Wie viel Geld hast du dabei? 2. Wie viel ist ein Euro hier wert? 3. Wie viele Kinder haben Sie?
B1	wieder/wieder-	1. Wann kommst du wieder? 2. Meine Mutter war krank. Jetzt ist sie aber wieder gesund. 3. Mein Bruder kommt schon wieder zu spät. 4. Meine Eltern sind zu Besuch gekom- men. Morgen fahren sie wieder zurück.
B1	wiegen	1. Wie viel wiegst du? 2. Der Brief wiegt mehr als 20 Gramm.
B1	wieso	Wie lange sind Sie hier? – Wieso fragen Sie?
B1	wild	1. Das ist ein wilder Fluss. 2. Spielt nicht so wild!
B1	winken	Alle standen auf dem Bahnsteig und winkten zum Abschied.
B1	Wir haben aus Liebe	geheiratet. die Liebe zu meinen Geschenke mit
B1	Wir haben gestern das Werk	besichtigt.
B1	Wir haben uns eine	Couch und neue
B1	Wir hatten kein Werkzeug	für die
B1	Wir könnten im Lexikon	nachsehen.
B1	Wir liefern Ihnen das	Regal direkt ins
B1	Wir müssen Sie untersuchen	Es kann Verletzungen
B1	Wir nehmen die Fähre	über den
B1	Wir sitzen gerade	beim Frühstück. das Frühstück aufs
B1	Wir wollen ein	Haus bauen und suchen Grundstück.
B1	wirken	Die Tabletten haben nicht gewirkt.
B1	wohl	1. Kann ich nach Hause gehen? Ich fühle mich nicht wohl. 2. Das wird wohl etwas länger dauern als geplant.
B1	worum	Kann ich Herrn Meier sprechen? – Worum geht es denn?
B1	worüber	Worüber lachen Sie?
B1	wunderschön	Wir haben einen Ausflug gemacht. Es war wunderschön. 2. Ich habe mir ein wunderschönes Kleid gekauft.
B1	während	1. Während ich arbeite, höre ich oft Musik. 2. Während der Prüfung dürfen wir unsere Handys nicht benutzen.
B1	wütend	Warum bist du so wütend?
B1	z B Lieblingsfarbe	Lieblingsfilm, ist Pizza.
B1	zahlreich	Die Gäste sind zahlreich gekommen. Es gibt zahlreiche Beispiele für gute Zusammenarbeit.
B1	zelten	Ich habe noch nie gezeltet.
B1	zentral	Wir suchen eine Zweizimmerwohnung in zentraler Lage.
B1	zerstören	Der Sturm hat viele Häuser zerstört.
B1	Zieh dir eine Jacke	an. Es ist kalt.
B1	ziehen	1. Sie müssen ziehen, nicht drücken. 2. Wir sind vor drei Wochen nach Hamburg gezogen. 3. Machen Sie bitte die Tür zu, es zieht.
B1	ziemlich	1. Ich bin schon ziemlich müde. Ich gehe ins Bett. 2. Ich musste beim Arzt ziemlich lange warten.
B1	Zu deinem Geburtstag	singen wir dir
B1	zubereiten	Sie bereitet das Fleisch mit Kartoffeln zu.
B1	zufällig	Wir haben uns zufällig am Bahnhof getroffen. 2. Hast du zufällig meine Brille gesehen?
B1	zugehen	Die Tür geht nicht zu. Kannst du mir helfen?
B1	zugänglich	Der Park ist für alle zugänglich.
B1	zukünftig	Ich bitte dich, zukünftig früher zu kommen.
B1	zumindest	Ich möchte nicht in der Stadt wohnen, zumindest jetzt nicht, wenn die Kinder noch so klein sind.
B1	zunehmen	Ich habe im Urlaub 1 Kilo zugenom- men.
B1	zunächst	Zunächst möchte ich alle begrüßen!
B1	zurechtkommen	Soll ich Ihnen helfen? - Danke. Ich komme allein zurecht.
B1	zurück/zurück-	1. Bitte eine Fahrkarte nach Frankfurt und zurück! 2. Wann wirst du zurückkommen? 3. Wann muss ich das Buch zurückgeben?
B1	zusagen	Meine Eltern haben uns zum Essen eingeladen. Ich habe zugesagt.
B1	zusammen/zusammen-	1. Wir haben als Kinder oft zusammen gespielt. 2. Zahlen bitte. - Zusammen oder getrennt? 3. Das macht zusammen 10 Euro 80. 4. Fuß und Ball musst du zusammen- schreiben – Fußball!
B1	zusammenfassen	Können Sie das bitte noch einmal kurz zusammenfassen?
B1	zuschauen	Möchtest du beim Fußballspiel zuschauen? || Willst du mitspielen? – Nein, ich schaue lieber nur zu.
B1	zustimmen	1. Ich stimme dir in dieser Sache völlig zu. 2. Er nickt zustimmend.
B1	zuständig	Wir haben ein Problem mit der Heizung. Wer ist dafür zuständig?
B1	zusätzlich	Sie müssen in Zukunft eine Stunde zusätzlich arbeiten.
B1	zuverlässig	Der Kollege kommt bestimmt gleich. Er ist immer sehr zuverlässig.
B1	zwar	1. Diese Schuhe sind zwar teuer, aber gut. 2. Ich kriege jetzt doch eine Woche Urlaub, und zwar nächsten Monat.
B1	zweifeln	Ich zweifle nicht daran, dass Sie recht haben.
B1	zählen	1. Bitte zählen Sie das Wechselgeld sofort nach. 2. Mein Sohn kann schon bis 100 zählen. 3. Ich zähle auf dich!
B1	Zündholz A Zünder	Streichhölzer.
B1	ähnlich	1. Emilia ist in einer ganz ähnlichen Situation wie ich. 2. Oleg sieht seinem Bruder sehr ähnlich.
B1	ängstlich	Meine Mutter ist etwas ängstlich. Sie geht nicht gern allein auf die Straße.
B1	ärgerlich	Der Zug hat schon wieder Verspätung. Das ist wirklich ärgerlich.
B1	äußerlich	Das Medikament dürfen Sie nur äußerlich anwenden.
B1	öffentlich	1. In der Stadt fahre ich immer mit öffentlichen Verkehrsmitteln. 2. In öffentlichen Gebäuden darf man nicht rauchen.
B1	Öko- ökologisch	z.B. Ökoladen, Ökostrom, ökologischer Anbau
B1	übernehmen	Ich habe das Geschäft von meinem Vater übernommen.
B1	überprüfen	Bitte überprüfen Sie, ob Ihr Name richtig geschrieben ist.
B1	überqueren	Bitte die Straße nur an der Ampel überqueren.
B1	überraschen	Ich bin ganz überrascht, dass die Wohnung so billig ist.
B1	überreden	Zuerst wollte ich nicht, aber mein Bruder hat mich überredet, einen Englischkurs zu machen.
B1	üblich	In Deutschland ist es üblich, früh zu Abend zu essen.
B1	übrig	Ist noch etwas zu essen übrig?
B1	übrigens	Übrigens, kennst du schon die neuen Nachbarn?
